原始诊断名称,predicted_term,映射结果中文同义词,predicted_id
尿道综合征,尿道综合征,尿道综合征,31273004
重度脂肪肝,肝脏脂肪变性,肝脏脂肪变性,197321007
睡眠呼吸暂停低通气综合征,中枢性睡眠呼吸暂停综合征,睡眠呼吸暂停,27405005
纵隔脓肿,纵隔脓肿,纵隔脓肿,42522007
急性移植物抗宿主病,急性移植物抗宿主病,急性移植物抗宿主病,402355000
腮腺肿瘤,腮腺肿瘤,腮腺肿瘤,126788000
宫颈高级别鳞状上皮内病变累腺,宫颈上皮内瘤变,子宫颈原位癌,285636001
结膜撕裂伤,结膜撕裂伤,结膜撕裂伤,417750006
肌纤维瘤病,肌纤维瘤病,肌纤维瘤病,73767002
外伤,创伤性或非创伤性损伤,创伤性损伤,417163006
反社会型人格障碍,反社会型人格障碍,反社会型人格障碍,26665006
先天性角膜异常,先天性角膜异常,先天性角膜异常,128352002
骨结核,骨结核,骨结核,38279006
尾状核头出血,尾状核出血,尾状核头出血,451038000
垂体功能减退,垂体功能减退症,垂体功能减退症,74728003
右侧基底节脑出血,脑出血,基底节出血,274100004
视神经炎,视神经炎,视神经炎,66760008
开放性尿道损伤,开放性尿道损伤,开放性尿道损伤,210217009
皮下肿物,皮下组织肿块,皮下组织肿块,10683351000119100
幼年特发性关节炎,幼年特发性关节炎,幼年特发性关节炎,410502007
股骨开放性骨折,股骨开放性骨折,股骨开放性骨折,28576007
病毒肝炎 慢性 乙型,慢性乙型病毒性肝炎,慢性乙型病毒性肝炎,61977001
甲状腺肿块性质待查,甲状腺肿块,甲状腺肿块,237557003
线状硬皮病,线状硬皮病,线状硬皮病,22784002
双眼白内障,白内障,双侧白内障,193570009
矮小症,身材矮小疾病,身材矮小疾病,237836003
中毒性脑病,中毒性脑病,中毒性脑病,28394000
肺动脉高压,肺动脉高压,肺动脉高压,70995007
慢性肝病,慢性肝病,慢性肝病,328383001
黏液腺囊肿,涎腺粘膜囊肿,涎腺粘膜囊肿,69825009
耻骨骨折,耻骨骨折,耻骨骨折,36127009
黑色发结节病,皮肤结节病,黑色毛结节菌病,55941000
双下肢动脉斑块形成,下肢动脉硬化,下肢血管疾病,789703007
急性中耳炎,急性中耳炎,急性中耳炎,3110003
先天性耳畸形,先天性耳畸形,先天性耳畸形,275259005
膀胱颈梗阻,膀胱颈梗阻,膀胱颈梗阻,399072004
局部淋巴结肿大,局部淋巴结肿大,局部淋巴结肿大,274744005
糖尿病眼病,糖尿病,糖尿病引起的眼部疾病,73211009
平滑肌瘤病,平滑肌瘤病,平滑肌瘤病,1157154004
扁平疣,扁平疣,扁平疣,240539000
先天性二尖瓣狭窄,先天性二尖瓣狭窄,先天性二尖瓣狭窄,82458004
眼睑干皮病,眼睑干皮病,眼睑干皮病,55846006
家族性高胆固醇血症,家族性高胆固醇血症,家族性高胆固醇血症,398036000
慢性腹膜炎,慢性腹膜炎,慢性腹膜炎,87510000
双眼并发性白内障,白内障,白内障继发于眼部疾病,193570009
腹膜继发恶性肿瘤,腹膜继发性恶性肿瘤,腹膜继发性恶性肿瘤,94627008
输尿管恶性肿瘤,输尿管恶性肿瘤,输尿管恶性肿瘤,363458004
锡尘肺,锡尘肺,锡尘肺,51277007
肝囊肿,肝囊肿,肝囊肿,85057007
先天愚型,先天性畸形,完全性三体综合征,276654001
癫痫大发作状态,癫痫大发作状态,癫痫大发作状态,13973009
舌根肿瘤,舌根肿瘤,舌根肿瘤,126779009
假性斑秃,假性斑秃,假性斑秃,238731001
先天性肾盂输尿管连接部梗阻,先天性肾盂输尿管连接部梗阻,先天性肾盂输尿管连接部梗阻,373584008
舌灼痛,舌灼痛,舌灼痛,399044006
子宫积水,子宫积水,子宫积水,370499007
肺慢性炎症,慢性肺炎,慢性肺炎,102361000119104
胸椎棘突骨折,胸椎棘突骨折,胸椎棘突骨折,281928001
红斑狼疮,红斑狼疮,红斑狼疮,200936003
异位睾丸,异位睾丸,异位睾丸,50911000
鼻咽非角化型未分化性癌TNM 期 EGFR++,鼻咽非角化性癌,鼻咽未分化非角化性鳞状细胞癌,707705008
肉芽肿性鼻炎,肉芽肿性鼻炎,肉芽肿性鼻炎,27356002
双眼白血病眼底改变,白血病，疾病,视网膜白血病浸润,93143009
心瓣膜病,心脏瓣膜疾病,心脏瓣膜疾病,368009
发疹性毳毛囊肿,发疹性毳毛囊肿,发疹性毳毛囊肿,254685008
子宫CIN,子宫病症,宫颈上皮内瘤变,12337004
肝脏多发囊肿,肝囊肿,肝囊肿,85057007
右肺占位性质待定,肺部肿块,肺部肿块,309529002
继发抗磷脂综合征,继发性抗磷脂综合征,继发性抗磷脂综合征,239895006
妊娠呕吐,妊娠呕吐,妊娠呕吐,90325002
三胎妊娠,三胎妊娠,三胎妊娠,64254006
甲状腺脓肿,甲状腺脓肿,甲状腺脓肿,102452004
高血压危象,高血压危象,高血压危象,706882009
声带沟,声带沟,声带沟,232450005
肾囊肿(双侧),肾囊肿,肾囊肿,722223000
扁平髋,扁平髋,扁平髋,240241003
鼻良性肿瘤,鼻腔恶性肿瘤,鼻良性肿瘤,363422006
子宫内膜异位,子宫内膜异位,子宫内膜异位,129103003
甲状腺功能减退性肌病,甲状腺功能减退性肌病,甲状腺功能减退性肌病,87844004
下肢感染,下肢病症,下肢病症,118937003
左侧甲状腺结节性质待查,甲状腺结节,甲状腺结节,237495005
葡萄球菌性脑膜炎,葡萄球菌性脑膜炎,葡萄球菌性脑膜炎,12166008
痴呆,痴呆,痴呆,52448006
氮质血症,氮质血症,氮质血症,445009001
社交恐惧症,社交恐惧症,社交恐惧症,25501002
灼口综合征,灼口综合征,灼口综合征,399165002
严重营养不良,营养不良,营养性消瘦,65404009
足部烧伤,足部烧伤,足部烧伤,11980003
右肺下叶微小结节,肺结节,肺结节,786838002
后循环缺血,造血结构病症,椎基底动脉区域短暂性脑缺血发作,414027002
胃泌素瘤,胃泌素瘤,胃泌素瘤,302824004
额颞叶变性,额颞叶变性,额颞叶变性,230273006
股骨头无菌性坏死,股骨头无菌性坏死,股骨头无菌性坏死,444904004
鼻窦内异物,鼻窦异物,鼻窦异物,66050007
肠系膜上静脉损伤,肠系膜上静脉损伤,肠系膜上静脉损伤,210809009
药物性肝硬化,药物性肝硬化,药物性肝硬化,425413006
II型 糖尿病,2型糖尿病,型糖尿病,44054006
心动过缓,心动过缓,心动过缓,48867003
皮肤恶性肿瘤,皮肤恶性肿瘤,皮肤恶性肿瘤,372130007
特发性肾积水,特发性肾积水,特发性肾积水,373651000
单核细胞增多症,单核细胞增多症,单核细胞增多症,19636003
睾丸挫伤,睾丸挫伤,睾丸挫伤,53629007
中耳原位癌,中耳原位癌,中耳原位癌,92657003
鼻中隔血肿,鼻中隔血肿,鼻中隔血肿,232377002
肝内胆管良性肿瘤,肝内胆管良性肿瘤,肝内胆管良性肿瘤,92154006
神经源性休克,神经源性休克,神经源性休克,129577007
下肢动脉粥样硬化性坏疽,下肢动脉粥样硬化性坏疽,下肢动脉粥样硬化性坏疽,2697021010001100
先天性髋关节脱位,先天性髋关节脱位,先天性髋关节脱位,48334007
耵聍栓塞,耵聍栓塞,耵聍栓塞,18070006
肱骨小结节骨折,肱骨小结节骨折,肱骨小结节骨折,733407003
克雷伯肺炎杆菌感染,葡萄球菌性肺炎,弗里德兰德杆菌感染,22754005
右侧舌下腺囊肿,舌下腺囊肿,舌下腺囊肿,2697721010001100
狼疮性肾炎,肾炎,系统性红斑狼疮肾小球肾炎综合征,52845002
泌乳腺瘤,泌乳腺瘤,泌乳腺瘤,128651002
地图舌,地图样舌,地图样舌,59032001
维生素D减低,维生素A过多症,维生素D缺乏,64559002
急性坏疽性阑尾炎,急性坏疽性阑尾炎,急性坏疽性阑尾炎,50846009
胸壁肿块,胸壁肿块,胸壁肿块,441124000
气胸,气胸,气胸,36118008
毒性弥漫性甲状腺肿,毒性弥漫性甲状腺肿,毒性弥漫性甲状腺肿,267374005
低级子宫内膜间质肉瘤,子宫内膜间质肉瘤,低度恶性子宫内膜间质肉瘤,699356008
低氯血症,低氯血症,低氯血症,10399008
幽门梗阻,幽门梗阻,幽门梗阻,244815007
胆囊切除术后综合征,胆囊切除术后综合征,胆囊切除术后综合征,90782003
髂股韧带扭伤,髂股韧带扭伤,髂股韧带扭伤,90654004
颞叶癫痫,颞叶癫痫,颞叶癫痫,193000002
胃十二指肠炎,胃十二指肠炎,胃十二指肠炎,196731005
新生儿呕血,新生儿呕血,新生儿呕血,206423004
鼻腔恶性肿瘤,鼻腔恶性肿瘤,鼻腔恶性肿瘤,363422006
痤疮,痤疮,痤疮,11381005
胃造口状态,存在胃造口,存在胃造口,302109006
创伤性膈破裂,创伤性膈破裂,创伤性膈破裂,233746005
跟腱滑囊炎,跟腱滑囊炎,跟腱滑囊炎,221695002
室性期外收缩(室性早搏),室性早搏复合波,室性早搏,251175005
恶性胸腔积液,恶性胸腔积液,恶性胸腔积液,860792009
高渗性脱水,脱水,高钠血症性脱水,34095006
类风湿,风湿热,类风湿性关节炎,58718002
肩关节紊乱,肩关节紊乱,肩关节紊乱,13091000119107
胃窦多发息肉,胃息肉,胃息肉病,78809005
膀胱良性肿瘤,膀胱恶性肿瘤,膀胱良性肿瘤,399326009
左束支阻滞,左束支传导阻滞,左束支传导阻滞,63467002
腹腔大量积液,腹水,腹水,389026000
顶叶出血,顶叶出血,顶叶出血,2679911010001100
脐尿管恶性肿瘤,脐尿管恶性肿瘤,脐尿管恶性肿瘤,363456000
慢性结膜炎,慢性结膜炎,慢性结膜炎,73762008
呼吸道烧伤,呼吸道烧伤,呼吸道烧伤,284188001
右侧基底节区腔隙性脑梗死,腔隙性脑梗死,腔隙性脑梗死,230698000
脑假性动脉瘤,脑假性动脉瘤,脑假性动脉瘤,2680701010001100
股骨结核,股骨结核,股骨结核,2674461010001100
肋软骨炎,肋软骨炎,肋软骨炎,64109004
小耳畸形,小耳畸形,小耳畸形,35045004
结肠高分化腺癌 pTNaM IIIB期 KRAS突变型 MSS型,原发性结肠腺癌,原发性结肠腺癌,1701000119104
黄斑和后极变性,黄斑和后极变性,黄斑和后极变性,267611002
腹膜后淋巴结结核,腹膜后淋巴结结核,腹膜后淋巴结结核,16409009
乙状结肠中分化腺癌TNM IIIB期,乙状结肠腺癌,乙状结肠腺癌,10071010001100
过度活动综合征,过度活动综合征,过度活动综合征,85551004
急性喘息性支气管炎,喘息性支气管炎,支气管炎伴急性喘息,405944004
髂动脉夹层,髂动脉夹层,髂动脉夹层,233999007
多重人格障碍,多重人格障碍,多重人格障碍,31611000
鼻咽隆起,鼻咽病症,鼻咽病症,123952009
结肠炎,结肠炎,结肠炎,64226004
后天性膝外翻,后天性膝外翻,后天性膝外翻,52012001
精神行为异常,精神障碍,行为异常,74732009
慢性颌下淋巴结炎,慢性颌下淋巴结炎,慢性颌下淋巴结炎,2697501010001100
恶性淋巴瘤,恶性淋巴瘤,恶性淋巴瘤,118600007
鼻窦发育异常,鼻窦肿块,先天性鼻异常,93751000119100
甲状腺激素抵抗综合征,甲状腺激素抵抗综合征,甲状腺激素抵抗综合征,237559000
颈部异物,颈部异物,颈部异物,424959007
胆囊良性肿瘤,胆囊肿瘤,胆囊良性肿瘤,126854002
肛乳头肥大,肛乳头肥大,肛乳头肥大,85316008
肝移植术后糖尿病,肝移植术后糖尿病,肝移植术后糖尿病,2679701010001100
左尺骨桡骨远端骨折,尺桡骨远端骨折,尺桡骨远端骨折,263208005
腕掌关节损伤,腕掌关节损伤,腕掌关节损伤,209463004
头痛查因,头痛,头痛,25064002
阴道前壁脱垂,阴道前壁脱垂,阴道前壁脱垂,248879001
先天性髌骨脱位,先天性髌骨脱位,先天性髌骨脱位,205067002
髂动脉溃疡,髂动脉溃疡,髂动脉溃疡,2697371010001100
病毒性肝炎淤胆型,病毒性肝炎,病毒性肝炎,3738000
颅底脑膜瘤,颅底脑膜瘤,颅底脑膜瘤,2676351010001100
腹膜损伤,腹膜损伤,腹膜损伤,285808008
肠吻合口狭窄,肠吻合口狭窄,肠吻合口狭窄,439013004
慢性骨髓炎其他的,慢性骨髓炎,慢性骨髓炎,40970001
喉囊肿,喉囊肿,喉囊肿,195867000
肠系膜淋巴管瘤,肠系膜淋巴管瘤,肠系膜淋巴管瘤,2763531010001100
右中耳炎,中耳炎,中耳炎,65363002
神经母细胞瘤,神经母细胞瘤,神经母细胞瘤,87364003
孤独症,临床孤立综合征,自闭症,445967004
肝动脉血栓形成,肝动脉血栓形成,肝动脉血栓形成,83940008
先天性肾发育不良,先天性肾发育不全,先天性肾发育不全,32659003
鱼鳞病,鱼鳞癣,鱼鳞癣,782957005
身材矮小症,身材矮小疾病,身材矮小疾病,237836003
手术和医疗操作的后遗症,不适当之手术操作,操作并发性的晚期效应,217016009
舌骨骨折,舌骨骨折,舌骨骨折,262675006
主动脉骑跨,主动脉骑跨,主动脉骑跨,63934006
急性甲型病毒性肝炎,急性B型病毒性肝炎,急性甲型病毒性肝炎,76795007
肾超声检查异常,肾超声检查异常,肾超声检查异常,15883561000119100
鼻咽非角化型未分化性癌 TNM III期,鼻咽非角化性癌,鼻咽未分化非角化性鳞状细胞癌,707705008
腹壁烧伤,腹壁烧伤,腹壁烧伤,53106000
夜尿,夜尿,夜尿,139394000
双肺结节LU-RADS 类,肺结节,肺结节,786838002
度子宫脱垂,Ⅰ度子宫脱垂,三度子宫脱垂,48230001
肺下叶恶性肿瘤,肺下叶恶性肿瘤,肺下叶恶性肿瘤,187870002
头皮原位黑色素瘤,头皮原位黑色素瘤,头皮原位黑色素瘤,109276009
侵袭性葡萄胎,侵袭性葡萄胎,侵袭性葡萄胎,416669000
髋骨恶性肿瘤,髋骨恶性肿瘤,髋骨恶性肿瘤,2674781010001100
非毒性多结节性甲状腺肿,非毒性多结节性甲状腺肿,非毒性多结节性甲状腺肿,36241006
胰岛素自身免疫综合征,胰岛素自身免疫综合征,胰岛素自身免疫综合征,408539000
膝关节骨性关节炎拟手术,膝关节骨性关节炎,膝关节骨性关节炎,239873007
血管性头痛,血管性头痛,血管性头痛,128187005
肠破裂,肠破裂,肠破裂,235799001
播散性带状疱疹,播散性带状疱疹,播散性带状疱疹,55560002
°骨髓抑制,骨髓抑制,骨髓抑制,370569000
先天性白内障,先天性白内障,先天性白内障,79410001
氟西汀中毒,氟西汀中毒,氟西汀中毒,290905007
胆囊中分化腺癌,原发性胆囊腺癌,原发性胆囊腺癌,9541000119105
肠系膜淋巴结继发恶性肿瘤,肠系膜淋巴结继发性恶性肿瘤,肠系膜淋巴结继发性恶性肿瘤,94410007
Graves病,Graves病,Graves病,353295004
环形暗点,环形暗点,环形暗点,129625005
眼压过高,高眼压,高眼压,4210003
下肢血管的损伤,下肢血管的损伤,下肢血管的损伤,210864001
手术后发热,术后发热,术后发热,130091000119103
异常视网膜对应,异常视网膜对应,异常视网膜对应,79195003
冠状病毒感染,冠状病毒感染,冠状病毒感染,186747009
右侧锁骨下动脉起始段斑块形成,锁骨下动脉斑块,锁骨下动脉斑块,2678971010001100
妇科炎症,女性盆腔炎性疾病,特定身体结构或组织炎症病症,198130006
幼年特发性关节炎？,幼年特发性关节炎,幼年特发性关节炎,410502007
神经鞘瘤病,神经鞘瘤病,神经鞘瘤病,781641005
先天性手缺如,先天性手缺如,先天性手缺如,371199008
黄疸,黄疸,黄疸,18165001
颈总动脉斑块,颈总动脉斑块,颈总动脉斑块,2678961010001100
胆囊结石？,胆囊结石,胆囊结石,235919008
淋巴水肿,淋巴水肿,淋巴水肿,234097001
脑动静脉畸形,脑动静脉畸形,脑动静脉畸形,234142008
继发性肺结核非活动期可能性大,非活动性肺结核,再感染肺结核,428697002
脊柱血管瘤,脊柱血管瘤,脊柱血管瘤,448232005
小脑扁桃体出血,小脑扁桃体出血,小脑扁桃体出血,2679961010001100
双肺多发肺大疱,肺大泡,肺大泡,278976004
右中叶感染,感染性疾病,支气管感染性疾病,40733004
绒毛状腺瘤,绒毛状腺瘤,绒毛状腺瘤,128859003
膜性增殖性肾小球肾炎,膜性肾小球肾炎,膜性肾小球肾炎,77182004
桥本氏甲状腺炎,桥本甲状腺炎,桥本甲状腺炎,21983002
脆性糖尿病,脆性糖尿病,脆性糖尿病,11530004
上肢痈,上肢痈,上肢痈,302013002
阵发性心房扑动,阵发性心房扑动,阵发性心房扑动,427665004
右侧上颌窦炎,上颌窦炎,上颌窦炎,88348008
胸腔积液,胸腔积液,胸腔积液,60046008
呼吸道感染,呼吸道感染,呼吸道感染,275498002
焦虑障碍,焦虑障碍,焦虑障碍,197480006
脑膨出,脑膨出,脑膨出,55999004
躯干二度腐蚀伤,躯干二度腐蚀伤,躯干二度腐蚀伤,211786000
双侧额顶叶皮层下小缺血灶,皮层下血管性痴呆,脑缺血,230286002
未分化型精神分裂症,未分化型精神分裂症,未分化型精神分裂症,111484002
双下睑倒睫,双眼倒睫,双眼倒睫,15732281000119100
胃窦中低分化腺癌,原发性胃幽门窦腺癌,原发性胃幽门窦腺癌,721632008
套细胞淋巴瘤 期B组,套细胞淋巴瘤,套细胞淋巴瘤,443487006
硬化性肠系膜炎,硬化性肠系膜炎,硬化性肠系膜炎,1092381000119100
创伤性肾破裂,创伤性肾破裂,创伤性肾破裂,405584002
卵巢脓肿,卵巢脓肿,卵巢脓肿,7415003
酒精依赖综合征,酒精依赖,酒精依赖,66590003
胸壁继发性恶性肿瘤,胸壁继发性恶性肿瘤,胸壁继发性恶性肿瘤,94253005
双侧肾上腺增生,肾上腺增生,肾上腺增生,419920004
耳源性脑膜炎,耳源性脑膜炎,耳源性脑膜炎,2682111010001100
胆道恶性肿瘤,胆道恶性肿瘤,胆道恶性肿瘤,363415003
髂动脉狭窄,髂动脉狭窄,髂动脉狭窄,312496009
腹膜后淋巴结肿大,腹膜后淋巴结肿大,腹膜后淋巴结肿大,127154008
腹主动脉壁内血肿,腹主动脉壁内血肿,腹主动脉壁内血肿,16624151000119100
鼻咽黏膜相关淋巴瘤,鼻咽非霍奇金淋巴瘤,鼻咽非霍奇金淋巴瘤,448371005
口炎,口腔炎,口腔炎,61170000
双肾多发结石,肾结石,肾结石,95570007
右肾结石,肾结石,肾结石,95570007
子宫内膜癌,子宫体子宫内膜恶性肿瘤,子宫体子宫内膜恶性肿瘤,188192002
视神经和视路损伤,视神经和视路损伤,视神经和视路损伤,212141007
疱疹病毒性水疱皮炎,疱疹病毒性水疱皮炎,疱疹病毒性水疱皮炎,186552002
肠寄生虫性脓肿,肠寄生虫性脓肿,肠寄生虫性脓肿,2763101010001100
病毒性肝炎 丙型,丙型病毒性肝炎,丙型病毒性肝炎,50711007
系膜增殖性肾小球肾炎,系膜增生性肾小球肾炎,系膜增生性肾小球肾炎,35546006
甲营养不良,甲营养不良,甲营养不良,87065009
先天性胆脂瘤,先天性胆脂瘤,先天性胆脂瘤,232262007
指血管损伤,指血管损伤,指血管损伤,210848009
颞下窝恶性肿瘤,颞下窝恶性肿瘤,颞下窝恶性肿瘤,2763221010001100
左前臂包块,前臂肿块,前臂肿块,448928006
网状青斑症,网状青斑症,网状青斑症,238772004
心房恶性肿瘤,心房恶性肿瘤,心房恶性肿瘤,2674721010001100
胃CA,胃恶性肿瘤,胃恶性肿瘤,363349007
泌尿系感染？,尿路感染,尿路感染,68566005
AKI,Brugada综合征,急性肾衰竭综合征,418818005
夜尿症,夜尿,夜尿,139394000
肾上腺囊肿,肾上腺囊肿,肾上腺囊肿,237784000
结肠多发溃疡,结肠溃疡,结肠溃疡,46040000
感染性胃肠炎,感染性胃肠炎,感染性胃肠炎,12463005
尺骨近端骨折,尺骨近端骨折,尺骨近端骨折,263203001
回肠肿瘤,回肠肿瘤,回肠肿瘤,126835002
宫颈恶性肿瘤,宫颈恶性肿瘤,宫颈恶性肿瘤,363354003
肺受累,肺病症,肺继发性恶性肿瘤,19829001
牙体缺损,牙体受损,牙体受损,284002000
急性出血性胃炎,急性出血性胃炎,急性出血性胃炎,2367005
尿酸性肾病,尿酸性肾病,尿酸性肾病,236495001
冠状动脉栓塞,冠状动脉栓塞,冠状动脉栓塞,29899005
脑转移,脑病症,脑继发性恶性肿瘤,81308009
晚期先兆流产,晚期先兆流产,晚期先兆流产,10884004
中枢性睡眠呼吸暂停综合征,中枢性睡眠呼吸暂停综合征,中枢性睡眠呼吸暂停综合征,27405005
叶酸缺乏,叶酸缺乏,叶酸缺乏,190633005
眼窝凹陷,眼窝凹陷,眼窝凹陷,246923005
言语障碍,言语障碍,言语障碍,20301004
慢性腹泻,慢性腹泻,慢性腹泻,236071009
梅毒性主动脉瓣狭窄,梅毒性主动脉瓣狭窄,梅毒性主动脉瓣狭窄,82355002
脊髓神经根囊肿,脊髓神经根囊肿,脊髓神经根囊肿,2697671010001100
甲状腺钙化,甲状腺钙化,甲状腺钙化,2679441010001100
主动脉夹层B型,主动脉夹层,主动脉夹层,308546005
贲门撕裂症,贲门粘膜撕裂,贲门粘膜撕裂,307131005
高血压病 II级 中危组,高血压危象,高血压,706882009
喉痉挛,喉痉挛,喉痉挛,406444002
右眼化学伤,右眼化学烧伤,右眼化学烧伤,12115361000119100
睾丸囊肿,睾丸囊肿,睾丸囊肿,767754009
新生儿肺不张,新生儿肺不张,新生儿肺不张,54959009
宫颈难产,宫颈难产,宫颈难产,237324001
新生儿中度窒息,新生儿中度窒息,新生儿中度窒息,1167362003
结节性黄色瘤,结节性黄色瘤,结节性黄色瘤,238954002
鼻窦淋巴瘤,鼻窦淋巴瘤,鼻窦淋巴瘤,2676171010001100
宫颈白斑,宫颈白斑,宫颈白斑,50923006
动脉硬化,股动脉粥样硬化,动脉硬化性血管疾病,2697031010001100
先天性外斜视,先天性外斜视,先天性外斜视,314786000
左侧肩周炎,肩部关节病症,粘连性肩关节囊炎,444003007
膀胱阴道瘘,膀胱阴道瘘,膀胱阴道瘘,89405008
迁延性肺炎,肺炎,肺炎,205237003
脑白质疏松,脑白质病,脑白质病,22811006
釉珠,釉珠,釉珠,3783004
右肺上叶后段继发型肺结核基本纤维硬结可能性大,肺结核,再感染肺结核,154283005
扁桃体良性肿瘤,扁桃体良性肿瘤,扁桃体良性肿瘤,92263001
大脑后动脉动脉瘤,大脑后动脉动脉瘤,大脑后动脉动脉瘤,783419007
颈内动脉狭窄脑梗死,颈内动脉狭窄脑梗死,颈内动脉狭窄脑梗死,2680331010001100
肢体肿物,肢体肿胀,四肢肿块,80068009
非霍奇金血管免疫母细胞性T细胞淋巴瘤Lugano分期 III期 IPI评分 分 高中危,血管免疫母细胞性T细胞淋巴瘤,血管免疫母细胞性T细胞淋巴瘤,413537009
喉良性肿瘤,喉恶性肿瘤,喉良性肿瘤,363429002
咽后壁恶性肿瘤,咽后壁恶性肿瘤,咽后壁恶性肿瘤,187709007
颈总动脉闭塞,颈总动脉闭塞,颈总动脉闭塞,2680441010001100
硬化性腹膜炎,硬化性腹膜炎,硬化性腹膜炎,24383005
再生障碍性贫血？,再生障碍性贫血,再生障碍性贫血,306058006
不完全性右束支传导阻滞,不完全性右束支传导阻滞,不完全性右束支传导阻滞,251124007
卵巢功能减退,卵巢功能减退,卵巢功能减退,2682001010001100
胆囊结石并胆囊炎,胆囊结石伴胆囊炎,胆囊结石伴胆囊炎,25924004
十二指肠溃疡伴穿孔,十二指肠溃疡伴穿孔,十二指肠溃疡伴穿孔,88968005
外阴白斑,外阴白斑,外阴白斑,198380007
射频消融术后,注射操作并发症,术后状态,47724003
第三脑室出血,第三脑室出血,第三脑室出血,2679981010001100
颈神经根囊肿,颈神经根囊肿,颈神经根囊肿,2697681010001100
硬腺癌,硬腺癌,硬腺癌,4584002
传染病病原携带者,传染病病原携带者,传染病病原携带者,66598005
十二指肠降憩室？,十二指肠憩室,十二指肠憩室,762275008
双侧甲状腺肿块性质待查,甲状腺肿块,甲状腺肿块,237557003
膀胱结肠瘘,膀胱结肠瘘,膀胱结肠瘘,28626004
小腿挫伤,小腿挫伤,小腿挫伤,45613006
EV感染,EV71感染,EV感染,713456006
眼撕脱伤,眼撕脱伤,眼撕脱伤,12193006
型糖尿病,糖尿病,型糖尿病,73211009
组织细胞肉瘤,组织细胞肉瘤,组织细胞肉瘤,109988003
掌骨干骨折,掌骨干骨折,掌骨干骨折,78292000
直背综合征,直背综合征,直背综合征,54837006
筛窦良性肿瘤,筛窦恶性肿瘤,筛窦良性肿瘤,363426009
膝状神经节炎,膝状神经节炎,膝状神经节炎,72839009
古特帕斯丘氏综合征(肺出血肾炎综合征),肾炎综合征,古德帕斯彻综合征,7724006
骰骨骨折,骰骨骨折,骰骨骨折,263249005
慢性肠炎,肠道炎症,肠道炎症,1187638005
沟纹舌,裂沟舌,裂沟舌,52368004
胆囊梗阻,胆囊梗阻,胆囊梗阻,75726005
瘢痕性倒睫,瘢痕性倒睫,瘢痕性倒睫,86135006
骨血管瘤,骨血管瘤,骨血管瘤,685021000119103
双下肢静脉血栓形成,下肢静脉血栓形成,下肢静脉血栓形成,309735004
椎管内继发恶性肿瘤,椎管内继发恶性肿瘤,椎管内继发恶性肿瘤,2675381010001100
开放性肩骨折,开放性肩骨折,开放性肩骨折,275337006
髂动脉血栓形成,髂动脉血栓形成,髂动脉血栓形成,82453008
回肠损伤,回肠损伤,回肠损伤,282051001
胃角中-低分化腺癌,胃腺癌,原发性胃小弯腺癌,408647009
鞘膜良性肿瘤,鞘膜良性肿瘤,鞘膜良性肿瘤,2676671010001100
腹膜后脓肿,腹膜后脓肿,腹膜后脓肿,32362007
急产,急产,急产,51920004
麻疹样红斑,红斑,红斑,247441003
脂肪肝,肝脏脂肪变性,肝脏脂肪变性,197321007
高血压性视网膜病,高血压性视网膜病,高血压性视网膜病,6962006
睾丸脓肿,睾丸脓肿,睾丸脓肿,95593001
右肺中叶肺大疱,肺大泡,肺大泡,278976004
溶血性贫血,溶血性贫血,溶血性贫血,61261009
早期妊娠出血,早期妊娠出血,早期妊娠出血,1323351000000100
单脐动脉,单脐动脉,单脐动脉,204470001
鼻咽癌 分期待定,鼻咽肿块,鼻咽部恶性肿瘤,429429006
(双侧)卵巢滤泡囊肿,卵巢滤泡囊肿,卵巢滤泡囊肿,2615004
甲状腺双侧叶囊实性结节 TI-RADS 类,甲状腺囊肿,甲状腺结节,72325004
开放性腓骨干骨折,开放性腓骨干骨折,开放性腓骨干骨折,111646002
臀部继发恶性肿瘤,臀部继发恶性肿瘤,臀部继发恶性肿瘤,2675441010001100
左肺下叶阻塞性炎症,后阻塞性肺炎,后阻塞性肺炎,371072008
鼻咽原位癌,鼻咽原位癌,鼻咽原位癌,92664001
双肺多发小结节 性质待定,肺多发结节,肺多发结节,445249002
小腿挤压伤,小腿挤压伤,小腿挤压伤,40874009
胡桃夹食管,胡桃夹食管,胡桃夹食管,235628006
肩撞击综合征,肩部撞击综合征,肩部撞击综合征,239960007
椎体压缩性骨折,开放性骶骨骨折,脊柱压缩性骨折,207977001
低位直肠中分化腺癌综合治疗后 TNM IIIb期,直肠腺癌,直肠腺癌,10061010001108
多发伤,多发性损伤,多发性损伤,262519004
大腿疼痛,大腿疼痛,大腿疼痛,78514002
急性腹膜炎,急性腹膜炎,急性腹膜炎,67602004
急性发作的血管性痴呆,急性发作的血管性痴呆,急性发作的血管性痴呆,230285003
脓疱型银屑病,脓疱性银屑病,脓疱性银屑病,200973000
心功能三级,心力衰竭,心功能下降,84114007
锁骨肿瘤,锁骨肿瘤,锁骨肿瘤,126560008
乙状窦栓塞,乙状窦栓塞,乙状窦栓塞,2679841010001100
乙肝肝硬化,乙型肝炎肝硬化,乙型肝炎肝硬化,103611000119102
静脉炎,静脉炎,静脉炎,61599003
双肺上叶多发结节,肺多发结节,肺多发结节,445249002
结膜结石,结膜结石,结膜结石,13706005
恶心,恶心,恶心,422587007
无精症,无精症,无精症,48188009
丘脑继发恶性肿瘤,丘脑继发恶性肿瘤,丘脑继发恶性肿瘤,2763271010001100
心包炎,心包炎,心包炎,3238004
肌痛,肌肉疼痛,肌肉疼痛,68962001
骨髓增生异常综合征MDS-EB,骨髓增生异常综合征,骨髓增生异常综合征,109995007
单神经病,单神经病,单神经病,128189008
多关节痛,多关节疼痛,多关节疼痛,35678005
扁平胸,扁平胸,扁平胸,3274008
双侧甲状腺结节,甲状腺结节,甲状腺结节,237495005
桡骨远端骨折 右,桡骨远端骨折,桡骨远端骨折,263199001
疣状乳头状瘤,疣状乳头状瘤,疣状乳头状瘤,48218007
左肺上叶阻塞性炎症,慢性阻塞性肺疾病,后阻塞性肺炎,13645005
阑尾脓肿,阑尾脓肿,阑尾脓肿,62224002
化疗,化学疗法,化学疗法,367336001
宫颈上皮内病变ＩＩＩ级,宫颈上皮内瘤变,子宫颈原位癌,285636001
大脑中动脉闭塞和狭窄,大脑中动脉闭塞和狭窄,大脑中动脉闭塞和狭窄,195232006
胃恶性肿瘤个人史,胃恶性肿瘤病史,胃恶性肿瘤病史,473061005
阴茎损伤,阴茎损伤,阴茎损伤,110015006
结肠癌,结肠肿瘤,结肠恶性肿瘤,126838000
左心发育不全综合征,左心发育不全综合征,左心发育不全综合征,62067003
溃疡性外痔,溃疡性外痔,溃疡性外痔,55168004
胎记,胎记,胎记,51089004
眼睑带状疱疹,眼睑炎性病变,水痘-带状疱疹病毒性睑皮炎,33401000119102
手足搐搦,手足搐搦,手足搐搦,10629009
肛管良性肿瘤,肛管恶性肿瘤,肛管良性肿瘤,363352004
左膝前交叉韧带损伤,前交叉韧带损伤,前交叉韧带损伤,444470001
慢性丙型肝炎,慢性丙型肝炎,慢性丙型肝炎,128302006
视网膜震荡,视网膜震荡,视网膜震荡,80744008
地中海贫血,地中海贫血,地中海贫血,40108008
前臂静脉损伤,前臂静脉损伤,前臂静脉损伤,210856007
ANCA相关性小血管炎,免疫球蛋白A血管炎,抗中性粒细胞胞浆抗体阳性血管炎,191306005
胰腺淋巴瘤,胰腺淋巴瘤,胰腺淋巴瘤,2676241010001100
踝关节僵硬,踝关节僵硬,踝关节僵硬,249912007
肾错构瘤,肾血管平滑肌脂肪瘤,肾血管平滑肌脂肪瘤,254921004
肌阵挛性癫痫,进行性肌阵挛性癫痫,肌阵挛发作,267581004
头部肌肉损伤,头部肌肉损伤,头部肌肉损伤,725003001
安装子宫内节育器,宫内节育器状态,宫内节育器置入术,243818000
急性泪小管炎,急性泪小管炎,急性泪小管炎,84399007
腹盆腔大量积液,腹水,腹水,389026000
双角子宫,双角子宫,双角子宫,31401003
脑脊髓病,脑脊髓病,脑脊髓病,370502006
双肺下叶坠积性炎症,坠积性肺炎,坠积性肺炎,85469005
直肠淋巴瘤,直肠淋巴瘤,直肠淋巴瘤,2763341010001100
急性淋巴细胞白血病B细胞型 标危组,B细胞急性淋巴母细胞性白血病,B细胞急性淋巴母细胞性白血病,277571004
肠易激综合征伴腹泻,肠易激综合征伴腹泻,肠易激综合征伴腹泻,197125005
十二指肠穿孔,十二指肠穿孔,十二指肠穿孔,270909006
肺淀粉样变性,肺淀粉样变性,肺淀粉样变性,196135008
子宫内膜增生,子宫内膜增生,子宫内膜增生,237072009
瞳孔功能异常,瞳孔功能异常,瞳孔功能异常,72124005
风湿性三尖瓣狭窄,风湿性三尖瓣狭窄,风湿性三尖瓣狭窄,88318005
肠梗阻,肠梗阻,肠梗阻,81060008
毛发稀少症,毛发稀少症,毛发稀少症,53602002
低钙血症,低钙血症,低钙血症,5291005
结缔组织病 NOS,结缔组织病症,结缔组织病症,105969002
过敏性紫癜混合型,紫癜,免疫球蛋白A血管炎,423902002
单纯性慢性支气管炎,单纯性慢性支气管炎,单纯性慢性支气管炎,61937009
急性侧壁心肌梗死,急性侧壁心肌梗死,急性侧壁心肌梗死,58612006
肺空洞,肺空洞形成,肺空洞形成,301863008
遗传代谢性疾病,代谢性疾病,代谢性疾病,75934005
肝恶性肿瘤,肝脏恶性肿瘤,肝脏恶性肿瘤,93870000
抽动障碍,抽动障碍,抽动障碍,568005
链球菌带菌者,链球菌带菌者,链球菌带菌者,170488007
扳机指,扳机指,扳机指,239987006
未定型结肠炎,未定型结肠炎,未定型结肠炎,235746007
颈部周围神经损伤,颈部周围神经损伤,颈部周围神经损伤,212351002
舌萎缩,舌萎缩,舌萎缩,50805004
肝血管瘤?,肝血管瘤,肝血管瘤,93469006
新生儿循环衰竭,新生儿循环衰竭,新生儿循环衰竭,95614004
癫痫连续状态,癫痫持续状态,癫痫持续状态,230456007
血管性头痛不可归类在他处者,血管性头痛,血管性头痛,128187005
肾盂良性肿瘤,肾盂良性肿瘤,肾盂良性肿瘤,92319008
升结肠良性肿瘤,升结肠肿瘤,升结肠良性肿瘤,126840005
窝状角质松解症,窝状角质松解症,窝状角质松解症,51212009
肾上腺增生伴女性男性化,肾上腺增生,肾上腺增生,419920004
急性细支气管炎,急性细支气管炎,急性细支气管炎,5505005
型糖尿病性胃轻瘫,2型糖尿病胃轻瘫,型糖尿病胃轻瘫,713703005
甲状腺功能亢进,甲状腺功能亢进,甲状腺功能亢进,34486009
淋巴结肿大,淋巴结病,淋巴结病,30746006
液气胸,液气胸,液气胸,65933003
慢性扁桃体炎,慢性扁桃体炎,慢性扁桃体炎,90979004
胃底低分化腺癌,胃腺癌,原发性胃底腺癌,408647009
子宫未分化癌,子宫体未分化癌,子宫体未分化癌,766758001
女性不育,女性不育,女性不育,6738008
头孢类抗菌素中毒,头孢类抗菌素中毒,头孢类抗菌素中毒,4771009
新生儿泌尿道感染,新生儿泌尿道感染,新生儿泌尿道感染,12301009
肾细胞癌,肾细胞癌,肾细胞癌,702391001
慢快综合征,Job综合征,心动过速-心动过缓,50926003
骶髂区扭伤,骶髂区扭伤,骶髂区扭伤,111653006
尺骨远端骨折,尺骨远端骨折,尺骨远端骨折,263205008
多发性骨折,多发性骨折,多发性骨折,788192009
足挫伤,足挫伤,足挫伤,74814004
恶性畸胎瘤,恶性畸胎瘤,恶性畸胎瘤,189847002
腰部脊髓震荡,腰部脊髓震荡,腰部脊髓震荡,737238004
老年性白内障,老年性白内障,老年性白内障,39450006
会阴部恶性肿瘤,会阴部恶性肿瘤,会阴部恶性肿瘤,2675131010001100
急性前壁心肌梗死,急性前壁心肌梗死,急性前壁心肌梗死,54329005
多发性肝囊肿,肝囊肿,肝囊肿,85057007
幼年型皮肌炎,儿童型皮肌炎,儿童型皮肌炎,1212005
瘢痕挛缩,挛缩瘢痕,挛缩瘢痕,447246008
细胞免疫缺陷,细胞免疫缺陷,细胞免疫缺陷,398293003
粒细胞降低,粒细胞减少症,粒细胞减少症,417672002
咖啡因中毒,咖啡因中毒,咖啡因中毒,57005003
泪腺炎,泪腺炎,泪腺炎,86927009
下颌前突,下颌前突,下颌前突,22810007
马拉色菌毛囊炎,马拉色菌毛囊炎,马拉色菌毛囊炎,428172002
角膜畸形,角膜畸形,角膜畸形,41478008
痉挛性偏瘫,痉挛性偏瘫,痉挛性偏瘫,79633009
肱骨近端骨骺分离,肱骨近端骨骺分离,肱骨近端骨骺分离,723645001
生殖道人乳头瘤病毒型感染,人乳头瘤病毒感染,肛门生殖器人乳头瘤病毒感染,240532009
新生儿天疱疮,新生儿天疱疮,新生儿天疱疮,277475006
腭裂,腭裂,腭裂,87979003
垂体囊肿,垂体囊肿,垂体囊肿,237716008
调节性内斜视,调节性内斜视,调节性内斜视,419494007
急性高侧壁心肌梗死,急性高侧壁心肌梗死,急性高侧壁心肌梗死,64627002
椎管内感染,椎管内感染,椎管内感染,2679831010001100
肩蜂窝织炎,肩部蜂窝织炎,肩部蜂窝织炎,49810002
子宫肿物,子宫肿块,子宫肿块,129801000119109
急性上行性脊髓炎,急性上行性脊髓炎,急性上行性脊髓炎,8528005
膀胱顶恶性肿瘤,膀胱顶恶性肿瘤,膀胱顶恶性肿瘤,188240003
亚急性阑尾炎,亚急性阑尾炎,亚急性阑尾炎,9124008
"慢性肾脏病,期",慢性肾病5期,慢性肾病期,433146000
二尖瓣狭窄伴关闭不全,二尖瓣狭窄伴关闭不全,二尖瓣狭窄伴关闭不全,194726006
氯氮平中毒,氯氮平中毒,氯氮平中毒,291130001
高血压病 III级 高危组,高血压危象,高血压,706882009
心脏良性肿瘤,心脏良性肿瘤,心脏良性肿瘤,92132009
阵发性房颤,阵发性房颤,阵发性房颤,282825002
右背部脂肪瘤,背部脂肪瘤,躯干脂肪瘤,308123002
新生儿泌尿系感染,新生儿泌尿道感染,新生儿泌尿道感染,12301009
双肺结节 性质待定,肺结节,肺结节,786838002
双肺多发小结节，性质待定,肺多发结节,肺多发结节,445249002
心房扑动,心房扑动,心房扑动,5370000
颅内囊肿,脑囊肿,脑囊肿,40720005
双肺多发微小结节：LU-RADS 类,肺多发结节,肺多发结节,445249002
悬雍垂良性肿瘤,悬雍垂良性肿瘤,悬雍垂良性肿瘤,92472006
高铅血症,高磷血症,铅和/或铅化合物中毒,20165001
甲状腺肿,甲状腺肿,甲状腺肿,3716002
外阴疖,外阴疖,外阴疖,198227006
脑白质病变，Fazekas 级,脑白质病,脑白质病,22811006
左肺下叶肺大疱,肺大泡,肺大泡,278976004
咽旁脓肿,咽旁脓肿,咽旁脓肿,84889008
多发性肋骨骨折,多发性肋骨骨折,多发性肋骨骨折,1261007
鼻部浅表损伤,鼻部浅表损伤,鼻部浅表损伤,283027004
柯萨奇病毒感染,柯萨奇病毒病,柯萨奇病毒病,186658007
肾透析状态,依赖肾透析,依赖肾透析,105502003
双侧额顶叶皮层下多发小缺血灶,皮层下血管性痴呆,脑缺血,230286002
脑错构瘤,脑错构瘤,脑错构瘤,277369003
右侧大脑中动脉分叉部动脉瘤,大脑中动脉瘤,大脑中动脉瘤,783420001
细菌性脑膜炎,细菌性脑膜炎,细菌性脑膜炎,95883001
阴道上皮内瘤变级,阴道上皮内瘤变,阴道原位癌,254894004
肋间神经炎,肋间神经痛,炎症性神经病,247389006
铅中毒,苯中毒,铅和/或铅化合物中毒,442764005
腰椎间盘膨出,腰椎间盘突出,腰椎间盘突出,202708005
心肌变性,心肌变性,心肌变性,64077000
喉肉芽肿,喉肉芽肿,喉肉芽肿,72211003
左侧锁骨下动脉窃血不除外,左锁骨下动脉盗血综合征,左锁骨下动脉盗血综合征,15967141000119100
高血压级,高血压,高血压,38341003
单纯性紫癜,单纯性紫癜,单纯性紫癜,277791008
躯干皮肤恶性肿瘤,躯干皮肤恶性肿瘤,躯干皮肤恶性肿瘤,372126009
上颌骨囊肿,上颌骨囊肿,上颌骨囊肿,426190008
原发性骨质疏松症,原发性骨质疏松症,原发性骨质疏松症,276661002
PNES 癫痫?,癫痫,癫痫,84757009
脊髓型颈椎病,脊髓型颈椎病,脊髓型颈椎病,202664003
孕周,孕23周,孕周,86883006
冠脉钙化灶,冠状动脉钙化,冠状动脉钙化,445512009
真菌性腹膜炎,真菌性腹膜炎,真菌性腹膜炎,235986006
脾周围炎,脾周围炎,脾周围炎,25167006
中度贫血,贫血,贫血,271737000
面部皮肤良性肿瘤,面部皮肤良性肿瘤,面部皮肤良性肿瘤,92359006
泪点狭窄,泪点狭窄,泪点狭窄,74783009
胎儿生长迟缓,胎儿生长迟缓,胎儿生长迟缓,22033007
甲状旁腺功能亢进症,甲状旁腺功能亢进,甲状旁腺功能亢进,66999008
全秃,全秃,全秃,19754005
乙肝小三阳,乙型肝炎病毒携带者的急性δ因子(重复)感染,慢性乙型病毒性肝炎,2681581010001100
左肺下叶前内基底段节段性不张,肺不张,肺不张,46621007
骨恶性肿瘤,骨恶性肿瘤,骨恶性肿瘤,428281000
脑疝,脑疝形成,脑疝形成,49453006
双乳结节,乳房硬结,乳房肿块,66779006
距骨脱位,距骨脱位,距骨脱位,275333005
鼻咽非角化型未分化癌 TNMx,鼻咽非角化性癌,鼻咽未分化非角化性鳞状细胞癌,707705008
胃印戒细胞癌pTbNM,胃腺癌,胃恶性肿瘤,408647009
子宫腺肌症,子宫腺肌病,子宫腺肌病,784314006
肩部烧伤,肩部烧伤,肩部烧伤,57143002
毛细支气管炎,细支气管炎,细支气管炎,4120002
急性淋巴结炎,急性淋巴结炎,急性淋巴结炎,41174002
颈部淋巴结肿大,颈淋巴结肿大,颈淋巴结肿大,127086001
结核病史,结核病史,结核病史,161414005
舒张性心力衰竭,舒张性心力衰竭,舒张性心力衰竭,418304008
疱疹性口炎病毒病,疱疹性口炎病毒病,疱疹性口炎病毒病,895086000
新月体性肾小球肾炎,新月体性肾小球肾炎,新月体性肾小球肾炎,236398000
低钾性麻痹,家族性低钾性周期性麻痹,家族性低钾性周期性麻痹,82732003
腕部损伤,腕部损伤,腕部损伤,125598003
袢利尿剂中毒,袢利尿剂中毒,袢利尿剂中毒,291969008
食物过敏,食物过敏,食物过敏,414285001
右下肢深静脉血栓形成,下肢深静脉血栓形成,下肢深静脉血栓形成,404223003
脑白质病Fazekas 级,脑白质病,脑白质病,22811006
房性期前收缩,房性期前收缩,房性期前收缩,284470004
卵巢妊娠,卵巢妊娠,卵巢妊娠,9899009
尿道肿瘤,尿道肿瘤,尿道肿瘤,126883004
桡骨近端骨折,桡骨近端骨折,桡骨近端骨折,263195007
食管脓肿,食管脓肿,食管脓肿,85833008
返流性食管炎,反流性食管炎,反流性食管炎,53771000
右肺中叶内侧段及左肺上叶下舌段少许纤维灶,肺部肿块,肺纤维化,309529002
交替性内斜视,交替性内斜视,交替性内斜视,39837002
多发浆膜腔积液,鞘膜积液,多发性浆膜炎,70660007
慢性泪囊炎,慢性泪囊炎,慢性泪囊炎,84627005
肝S段钙化灶,肝脏肿块,肝脏影像学检查异常,300332007
松果体良性肿瘤,松果体肿瘤,松果体良性肿瘤,127026004
双肺散在炎症,肺炎,双侧肺炎,205237003
泪点内异物,泪点内异物,泪点内异物,23436003
膝关节外侧副韧带损伤,膝关节外侧副韧带损伤,膝关节外侧副韧带损伤,444468005
短暂性脑缺血发作,短暂性脑缺血发作,短暂性脑缺血发作,266257000
混合性贫血,混合性贫血,混合性贫血,2681831010001100
骨折延迟愈合,骨折延迟愈合,骨折延迟愈合,134194006
输尿管阴道瘘,输尿管阴道瘘,输尿管阴道瘘,37532005
结节性痤疮,结节性痤疮,结节性痤疮,403359004
肺动脉扩张,肺动脉扩张,肺动脉扩张,251047005
十二指肠球部憩室?,十二指肠憩室,十二指肠憩室,762275008
胸椎恶性肿瘤,胸椎恶性肿瘤,胸椎恶性肿瘤,187917009
多个脑室出血,多个脑室出血,多个脑室出血,2682211010001100
银屑病性关节炎,银屑病关节炎,银屑病关节炎,156370009
慢性淋巴细胞性白血病 (M/),B细胞急性淋巴母细胞性白血病,慢性淋巴性白血病，疾病,277571004
婴儿腹泻,幼儿腹泻,幼儿腹泻,39963006
色素沉着,色素沉着病症,色素沉着病症,414032001
腹壁良性肿瘤,腹壁良性肿瘤,腹壁良性肿瘤,2676661010001100
脐炎,脐炎,脐炎,239095007
卵巢恶性肿瘤复查,卵巢恶性肿瘤,卵巢恶性肿瘤,363443007
视网膜前膜,视网膜前膜,视网膜前膜,367649002
D-二聚体升高,D-二聚体高于参考范围,D-二聚体高于参考范围,449830004
肛门狭窄,肛门狭窄,肛门狭窄,69914001
创伤性膀胱破裂,创伤性膀胱破裂,创伤性膀胱破裂,262907000
肥厚性硬脊膜炎,肥厚性硬脊膜炎,肥厚性硬脊膜炎,2682161010001100
桡骨远端骨折右,桡骨远端骨折,桡骨远端骨折,263199001
高乳酸血症,高泌乳素血症,乳酸水平升高,237662005
开放性骶骨骨折,开放性骶骨骨折,开放性骶骨骨折,207977001
颈部包块,颈部肿块,颈部肿块,299703001
神经胶质瘤,神经胶质瘤,神经胶质瘤,393564001
度子宫脱垂,Ⅰ度子宫脱垂,度子宫脱垂,48230001
疱疹性咽炎,疱疹性咽峡炎,疱疹性咽峡炎,186659004
股骨颈骨折,股骨颈骨折,股骨颈骨折,5913000
左肺上叶恶性肿瘤,左肺上叶恶性肿瘤,左肺上叶恶性肿瘤,724058006
右下肢蜂窝织炎,下肢蜂窝织炎,下肢蜂窝织炎,449710006
间叶瘤,间叶瘤,间叶瘤,44524009
桡骨小头骨折,开放性桡骨干骨折,桡骨头骨折,66246007
胆源性胰腺炎,慢性胆石性胰腺炎,胆石性胰腺炎,235951009
大脑动脉狭窄脑梗死,大脑动脉狭窄脑梗死,大脑动脉狭窄脑梗死,2680341010001100
肾功能异常,肾功能异常,肾功能异常,39539005
共济失调性脑瘫,共济失调性脑瘫,共济失调性脑瘫,278512001
双侧半卵圆中心腔隙性脑梗塞,腔隙性脑梗死,腔隙性脑梗死,230698000
妊娠水肿,妊娠水肿,妊娠水肿,237285000
维生素D缺乏,维生素缺乏,维生素D缺乏,85670002
视网膜色素上皮脱离,视网膜色素上皮脱离,视网膜色素上皮脱离,232067008
肋骨骨折,肋骨骨折,肋骨骨折,33737001
胆囊沉积物,胆囊积水,胆囊病症,47312008
双下肢动脉多发斑块,下肢动脉硬化,下肢血管疾病,789703007
梗阻性休克,梗阻性休克,梗阻性休克,16472761000119100
膈下脓肿,膈下脓肿,膈下脓肿,52478002
极低出生体重儿,极低出生体重儿,极低出生体重儿,276611006
脓疱性银屑病,脓疱性银屑病,脓疱性银屑病,200973000
颅骨多发性骨折,颅骨多发性骨折,颅骨多发性骨折,49128003
妊娠合并卵巢囊肿,妊娠合并卵巢囊肿,妊娠合并卵巢囊肿,10750991000119100
左侧基底节区腔隙性脑梗塞,腔隙性脑梗死,腔隙性脑梗死,230698000
代谢性脑病,代谢性脑病,代谢性脑病,50122000
卵巢继发性恶性肿瘤,卵巢继发性恶性肿瘤,卵巢继发性恶性肿瘤,94455000
晶状体损伤,晶状体损伤,晶状体损伤,262755005
鼻部感染,鼻感染,鼻感染,275496003
滑膜肉瘤,滑膜肉瘤,滑膜肉瘤,302851001
肛门皮赘,肛门皮赘,肛门皮赘,195469007
摩擦性苔藓样疹,摩擦性苔藓样疹,摩擦性苔藓样疹,402292002
关闭回肠造口,回肠造口状态,回肠造口闭合术,302111002
膀胱侧壁恶性肿瘤,膀胱侧壁恶性肿瘤,膀胱侧壁恶性肿瘤,188241004
阴囊水肿,阴囊水肿,阴囊水肿,88995000
纤维瘤,纤维瘤,纤维瘤,424568000
特发性滴状色素减少症,特发性滴状色素减少症,特发性滴状色素减少症,1717003
大脑动脉狭窄,小脑上动脉狭窄,脑动脉狭窄,2680231010001100
白细胞低,白细胞减少症,血液白细胞数量减少,84828003
脑叶出血,脑叶出血,脑叶出血,230710000
肝S段血管瘤,肝血管瘤,肝血管瘤,93469006
葡萄胎,完全性葡萄胎,良性葡萄胎,237249000
上感,视神经脊髓炎,上呼吸道感染,25044007
肝功异常,肝功能异常,肝功能异常,75183008
左肺叶间裂结节：炎性结节？,肺结节,肺结节,786838002
静脉硬化,静脉硬化,静脉硬化,195518005
具有踝关节置入物,具有踝关节置入物,具有踝关节置入物,763653008
一氧化碳中毒,一氧化碳毒性作用,一氧化碳毒性作用,17383000
先天性三尖瓣关闭不全,先天性三尖瓣关闭不全,先天性三尖瓣关闭不全,83119008
先天性房间隔缺损(型),先天性房间隔缺损,先天性房间隔缺损,405752007
右额叶脑出血,脑叶出血,额叶出血,230710000
碱中毒,碱中毒,碱中毒,21420006
外阴继发恶性肿瘤,外阴继发性恶性肿瘤,外阴继发性恶性肿瘤,94681006
盆腔子宫内膜异位,盆腔子宫内膜异位症,盆腔子宫内膜异位症,26681001
龈乳头炎,龈乳头炎,龈乳头炎,449782007
甲状腺乳头状癌,甲状腺乳头状癌,甲状腺乳头状癌,255029007
浆细胞白血病,浆细胞白血病,浆细胞白血病,95210003
鼻腔恶性淋巴瘤,鼻腔恶性肿瘤,鼻腔恶性肿瘤,363422006
重度肥胖,重度肥胖,重度肥胖,83911000119104
左肺占位？,肺部肿块,肺部肿块,309529002
左下肢水肿,左下肢水肿,左下肢水肿,816182002
高血压病分级待定,高血压,高血压,38341003
左侧上尿路积水,尿道肿块,泌尿道固有疾病,135521000119103
持久的妄想性障碍,持久的妄想性障碍,持久的妄想性障碍,231487004
上肢肿瘤,上肢肿瘤,上肢肿瘤,126650009
结核性腹水,结核性腹水,结核性腹水,4501007
点状角膜炎,点状角膜炎,点状角膜炎,42513006
继发性干燥综合征,继发性干燥综合征,继发性干燥综合征,239915006
右眼虹膜炎,虹膜炎,虹膜睫状体炎,65074000
结膜血管瘤,结膜血管瘤,结膜血管瘤,737268008
喉梗阻,喉梗阻,喉梗阻,61169001
神经根型颈椎病,神经根型颈椎病,神经根型颈椎病,54404000
僵人综合征,僵人综合征,僵人综合征,5217008
免疫球蛋白A[lgA]的选择性缺乏,选择性免疫球蛋白A缺乏,免疫球蛋白 A 缺乏症,190979003
进行性肌阵挛性癫痫,进行性肌阵挛性癫痫,进行性肌阵挛性癫痫,267581004
睑内翻,睑内翻,睑内翻,33168009
前列腺癌,前列腺肿瘤,前列腺恶性肿瘤,126906006
桡骨远端骨折(右 陈旧性),桡骨远端骨折,桡骨远端骨折,263199001
边缘叶脑炎,边缘叶脑炎,边缘叶脑炎,230192003
手掌三度烧伤,手掌三度烧伤,手掌三度烧伤,89661005
盆腔炎,盆腔肿块,女性盆腔炎性疾病,74285003
卵巢黄素化囊肿,卵巢黄素化囊肿,卵巢黄素化囊肿,386764005
伴海马硬化颞叶内侧癫痫,颞叶内侧癫痫伴海马硬化,颞叶内侧癫痫伴海马硬化,770643005
偏头痛,偏头痛,偏头痛,37796009
膜性肾小球肾炎,膜性肾小球肾炎,膜性肾小球肾炎,77182004
复发性多软骨炎,复发性多软骨炎,复发性多软骨炎,72275000
视网膜病,视网膜疾病,视网膜疾病,29555009
镜下血尿,镜下血尿,镜下血尿,197940006
氨氯地平中毒,氯氮平中毒,氨氯地平不良反应,291130001
特发性肺含铁血黄素沉积症,特发性肺含铁血黄素沉着症,特发性肺含铁血黄素沉着症,40527005
足蜂窝织炎,足蜂窝织炎,足蜂窝织炎,128276007
视网膜炎,视网膜炎,视网膜炎,399463004
N@异常子宫出血,异常子宫出血,异常子宫出血,44991000119100
狼疮性血液系统损害,狼疮血管炎,红斑狼疮,239944008
颈椎间盘变性,颈椎间盘退行性变,颈椎间盘退行性变,69195002
右肺上叶肺大疱,肺大泡,肺大泡,278976004
急性乙型病毒性肝炎,急性B型病毒性肝炎,急性B型病毒性肝炎,76795007
桡骨良性肿瘤,桡骨良性肿瘤,桡骨良性肿瘤,92313009
左侧腘窝囊肿,腘窝恶性肿瘤,膝部肿块,2675151010001100
单纯性甲状腺肿,单纯性甲状腺肿,单纯性甲状腺肿,267369002
心包腔少量积液,心包积液,心包积液,373945007
右肱骨颈骨折,肱骨颈骨折,肱骨骨折,263191003
吻合口溃疡,吻合口溃疡,吻合口溃疡,447408004
放射性肺炎,放射性肺炎,放射性肺炎,84004001
不恰当手术实行,不适当之手术操作,不适当之手术操作,217016009
唐氏综合征,Job综合征,完全性三体综合征,50926003
支气管结核,支气管结核,支气管结核,186178000
未分化型癌,未分化癌,未分化癌,38549000
陈旧性肠结核,陈旧性肠结核,陈旧性肠结核,2763111010001100
低钾型周期性瘫痪,低钾性抽搐,家族性低钾性周期性麻痹,2682101010001100
可疑冠心病观察,可疑冠心病观察,可疑冠心病观察,171405001
肘关节炎,肘关节炎,肘关节炎,439656005
流行性感冒,普通感冒,流感,82272006
鼻出血,鼻出血,鼻出血,249366005
左肺炎,肺炎,肺炎,205237003
囊性甲状腺肿,囊性甲状腺肿,囊性甲状腺肿,2681871010001100
先天性鞘膜积液,先天性鞘膜积液,先天性鞘膜积液,82062003
掌跖脓疱性银屑病,掌跖脓疱性银屑病,掌跖脓疱性银屑病,27520001
套细胞淋巴瘤,套细胞淋巴瘤,套细胞淋巴瘤,443487006
阴囊恶性肿瘤,阴囊恶性肿瘤,阴囊恶性肿瘤,363454002
乳腺导管原位癌,乳腺导管内原位癌,乳腺导管内原位癌,109889007
脓疱性痤疮,脓疱性痤疮,脓疱性痤疮,59172008
肛门痉挛,肛门痉挛,肛门痉挛,17440005
肺肉芽肿,肺肉芽肿,肺肉芽肿,101401000119103
肝转移癌,肝脏肿瘤,肝脏继发性恶性肿瘤,126851005
淋巴结病,淋巴结病,淋巴结病,30746006
窦性心律不齐,结性心律紊乱,结性心律紊乱,71792006
癌肉瘤,癌肉瘤,癌肉瘤,63264007
葡萄球菌感染性菌血症,葡萄球菌感染性菌血症,葡萄球菌感染性菌血症,2678841010001100
脑缺血,脑缺血,脑缺血,287731003
多形性日光疹,多形性日光疹,多形性日光疹,238525001
尿路真菌感染,尿路感染,尿路感染,68566005
纵膈占位,膈疝,纵隔肿块,39839004
直肠内异物,直肠内异物,直肠内异物,70176004
肾发育不良,肾发育不良,肾发育不良,204949001
闭孔神经损伤,闭孔神经损伤,闭孔神经损伤,298130005
急性传染性淋巴细胞增多症,急性传染性淋巴细胞增多症,急性传染性淋巴细胞增多症,48516007
鼻部肿物,鼻肿块,鼻肿块,441766009
肢体肿胀,肢体肿胀,肢体肿胀,80068009
右心室双出口,右心室双出口,右心室双出口,7484005
鼻咽后壁恶性肿瘤,鼻咽后壁恶性肿瘤,鼻咽后壁恶性肿瘤,187693006
腹腔占位,腹腔结构肿块,腹腔结构肿块,448772000
肠旋转不良,先天性肠旋转不良,先天性肠旋转不良,29980002
皮脂腺增生,皮脂腺增生,皮脂腺增生,238748009
膀胱痉挛,膀胱痉挛,膀胱痉挛,249297006
前降支心肌桥,心肌病,冠状动脉心肌桥,85898001
桡骨远端骨折左,桡骨远端骨折,桡骨远端骨折,263199001
鼻咽癌,鼻咽肿块,鼻咽部恶性肿瘤,429429006
膀胱低级别尿路上皮乳头状癌,膀胱移行细胞癌,膀胱移行细胞癌,255109008
症状性癫痫［继发性癫痫］,症状性全身性癫痫,症状性全身性癫痫,71831005
苔藓,苔藓,苔藓,88996004
心房血栓,心房血栓,心房血栓,195147006
急性肾小管间质性肾炎,急性肾小管间质性肾炎,急性肾小管间质性肾炎,28637003
泪石,泪石,泪石,47952001
腹水,腹水,腹水,389026000
下肢动脉粥样硬化闭塞症,下肢动脉粥样硬化闭塞症,下肢动脉粥样硬化闭塞症,2679541010001100
PSA升高,肌酸激酶水平升高,前列腺特异性抗原升高,432352001
急性咽炎,急性咽炎,急性咽炎,363746003
阴囊疝,阴囊疝,阴囊疝,32665003
T-γ淋巴组织增生性疾病,T-γ淋巴组织增生性疾病,T-γ淋巴组织增生性疾病,55081009
额骨右份骨瘤,颅骨骨瘤,颅骨骨瘤,423586007
后交通动脉动脉瘤,后交通动脉动脉瘤,后交通动脉动脉瘤,783421002
下颌骨良性肿瘤,下颌骨良性肿瘤,下颌骨良性肿瘤,92208007
三尖瓣关闭不全,三尖瓣反流,三尖瓣反流,111287006
肝包虫病,肝包虫病,肝包虫病,26103000
慢性肾小球肾炎,肾小球肾炎,慢性肾小球肾炎,36171008
胸椎压缩性骨折,胸椎压缩性骨折,胸椎压缩性骨折,698077007
急性丙型肝炎,急性丙型肝炎,急性丙型肝炎,235866006
新生儿轻度窒息,新生儿轻度窒息,新生儿轻度窒息,276643006
胸髓恶性肿瘤,胸髓恶性肿瘤,胸髓恶性肿瘤,2675001010001100
结肠腺瘤性息肉。,结肠腺瘤性息肉,结肠腺瘤性息肉,428054006
子宫体肿瘤,子宫体肿瘤,子宫体肿瘤,126909004
前列腺钙化,前列腺病症,前列腺病症,30281009
包茎,包茎,包茎,449826002
多发性撕裂伤,多发性撕裂伤,多发性撕裂伤,285345008
白质脑病,脑白质病,脑白质病,22811006
升结肠损伤,升结肠损伤,升结肠损伤,125631002
结膜下出血,结膜下出血,结膜下出血,78768009
右侧额叶脑挫裂伤,脑干挫伤,局灶性大脑挫裂伤,127305005
精原细胞瘤,精原细胞瘤,精原细胞瘤,443675005
前庭大腺脓肿,前庭大腺脓肿,前庭大腺脓肿,67624004
结肠肝曲良性肿瘤,结肠肝曲良性肿瘤,结肠肝曲良性肿瘤,92133004
颈痛,颈痛,颈痛,81680005
股疝,股疝,股疝,50063009
胸部肌肉损伤,胸部肌肉损伤,胸部肌肉损伤,724880008
肉芽肿性肝炎,肉芽肿性肝炎,肉芽肿性肝炎,86514004
先天性主动脉瓣畸形,先天性主动脉瓣形状异常,先天性主动脉瓣形状异常,92888002
呼吸道疾病,呼吸系统病症,呼吸系统病症,50043002
咳嗽变异型哮喘,咳嗽变异性哮喘,咳嗽变异性哮喘,409663006
绝育术后,绝育程序,绝育程序,703145006
视网膜动脉炎,视网膜动脉炎,视网膜动脉炎,11255009
妊娠期肾盂肾炎,妊娠期肾盂肾炎,妊娠期肾盂肾炎,16271000119108
股深动脉狭窄,股深动脉狭窄,股深动脉狭窄,2680081010001100
阴茎鳞状细胞癌,阴茎鳞状细胞癌,阴茎鳞状细胞癌,403468003
移行细胞癌,移行细胞癌,移行细胞癌,27090000
急性糜烂性胃炎,急性糜烂性胃炎,急性糜烂性胃炎,444926003
定向障碍,定向障碍,定向障碍,62476001
膀胱尿道瘘,膀胱尿道瘘,膀胱尿道瘘,7350007
视网膜性偏头痛,视网膜性偏头痛,视网膜性偏头痛,79267007
口腔溃疡,口腔溃疡,口腔溃疡,26284000
主动脉粥样硬化,主动脉粥样硬化,主动脉粥样硬化,81817003
糖尿病伴有昏迷其他特指的,1型糖尿病引起的高渗性昏迷,糖尿病导致的酮症酸中毒昏迷,190330002
皮肤瘢痕情况和纤维化,皮肤瘢痕情况和纤维化,皮肤瘢痕情况和纤维化,201307004
腹壁血管瘤,腹壁血管瘤,腹壁血管瘤,449257006
肩部良性肿瘤,肩部良性肿瘤,肩部良性肿瘤,92342001
髋部肌腱损伤,髋部肌腱损伤,髋部肌腱损伤,726218003
青春期月经过多,青春期月经过多,青春期月经过多,237125007
头部良性肿瘤,头部良性肿瘤,头部良性肿瘤,92131002
声带恶性肿瘤,声带恶性肿瘤,声带恶性肿瘤,363486007
糖尿病心肌病,心肌病,糖尿病引起的心肌病,85898001
双膝关节骨性关节炎,膝关节骨性关节炎,双侧膝关节骨性关节炎,239873007
多系统萎缩,多系统萎缩,多系统萎缩,230297002
脾萎缩,脾萎缩,脾萎缩,82893001
膝关节骨性关节炎双侧，左侧较重,双侧膝关节骨性关节炎,双侧膝关节骨性关节炎,112981000119107
眼睑皮肤恶性肿瘤,眼睑皮肤恶性肿瘤,眼睑皮肤恶性肿瘤,423425006
非小细胞癌,非小细胞癌,非小细胞癌,128632008
癌性疼痛,疼痛,肿瘤性疾病引起的疼痛,22253000
回肠克罗恩病,回肠克罗恩病,回肠克罗恩病,38106008
口腔感染,口腔感染,口腔感染,275393007
慢性根尖周炎,无症状的根尖周炎,无症状的根尖周炎,718052004
营养性慢性贫血,营养性慢性贫血,营养性慢性贫血,2681711010001100
鼻腔新生物,鼻疾病,鼻腔肿瘤,89488007
急性溶血性贫血,急性溶血性贫血,急性溶血性贫血,2679351010001100
手蜂窝织炎,手蜂窝织炎,手蜂窝织炎,62837005
颈部肿物,颈部肿块,颈部肿块,299703001
病毒性脑炎,病毒性脑炎,病毒性脑炎,34476008
口腔念珠菌感染(鹅口疮),口腔念珠菌病,口腔念珠菌病,79740000
急性根尖牙周炎,根尖牙周炎,根尖牙周炎,39273001
乙状结肠肿瘤,乙状结肠肿瘤,乙状结肠肿瘤,126845000
睑板腺炎,睑板腺炎,睑板腺炎,309779001
左侧附件区囊性灶：考虑囊肿可能,子宫附件囊肿,子宫附件囊肿,97171000119100
乳头溢血,乳头溢液,乳头血性溢液,54302000
特发性血小板减少性紫癜,免疫性血小板减少症,慢性特发性血小板减少性紫癜,2897005
先天性高乳酸血症,乳酸水平升高,乳酸水平升高,7501002
型糖尿病伴神经并发症,1型糖尿病引起的神经并发症病症,型糖尿病引起的神经并发症病症,368521000119107
不完全性腭裂,不完全性腭裂,不完全性腭裂,783407004
颅骨和面骨骨折,颅骨和面骨骨折,颅骨和面骨骨折,207785000
听神经损伤,听神经损伤,听神经损伤,9441002
尿痛,尿痛,尿痛,49650001
恶性免疫增生性疾病，其他的,恶性免疫增殖性疾病,恶性免疫增殖性疾病,109980005
多发肺大疱,肺大泡,肺大泡,278976004
开放性桡骨下端骨折,开放性桡骨下端骨折,开放性桡骨下端骨折,25529004
颗粒细胞瘤,颗粒细胞瘤,颗粒细胞瘤,404035005
遗尿,尿频,非器质性遗尿症,249291007
伤寒,伤寒,伤寒,4834000
低血容量,低血容量,低血容量,816082000
胃体低分化腺癌pTNM IIIC期,胃腺癌,原发性胃体腺癌,408647009
脑动脉痉挛,脑动脉痉挛,脑动脉痉挛,73173006
慢性闭角型青光眼,间歇性闭角型青光眼,解剖性窄角型青光眼,65460003
左乳乳腺非特殊类型浸润性癌级cTNM IIB期,乳头状腺癌,浸润性乳腺癌,4797003
苯中毒,苯中毒,苯中毒,442764005
维生素K缺乏,维生素缺乏,维生素K缺乏,85670002
中毒性心肌炎,中毒性心肌炎,中毒性心肌炎,31993003
阴道排液,阴道排液,阴道排液,271939006
慢性肉芽肿病,慢性肉芽肿病,慢性肉芽肿病,387759001
掌跖角化症,掌跖角化病,掌跖角化病,706885006
左颌下腺炎,颌下腺涎腺炎,颌下腺涎腺炎,196485006
"""冠心病 """,冠状动脉硬化,冠状动脉硬化,53741008
腹腔内出血,腹腔内出血,腹腔内出血,443826006
双眼玻璃体混浊,双眼玻璃体混浊,双眼玻璃体混浊,349061000119107
跟骨骨刺,跟骨刺,跟骨刺,55260003
右侧上颌窦炎？,上颌窦炎,上颌窦炎,88348008
额叶综合征,额叶综合征,额叶综合征,129606007
气短,呼吸衰竭,呼吸困难,409622000
输卵管卵巢脓肿,输卵管卵巢脓肿,输卵管卵巢脓肿,58949002
鼻窦良性肿瘤,鼻窦肿块,副鼻窦良性肿瘤,93751000119100
右股骨下段髁上骨折,股骨开放性骨折,肱骨髁上骨折,28576007
慢性全鼻窦炎,慢性全鼻窦炎,慢性全鼻窦炎,88850006
丝状角膜炎,丝状角膜炎,丝状角膜炎,51286002
髂外动脉血栓形成,髂外动脉血栓形成,髂外动脉血栓形成,297151006
胎膜早破,胎膜早破,胎膜早破,44223004
踝关节强硬,踝关节强硬,踝关节强硬,202318002
乙状结肠高分化腺癌,乙状结肠腺癌,乙状结肠腺癌,10071010001100
左肾集合系统分离,无功能肾,泌尿道固有疾病,155876003
足跟痛,跟痛症,跟痛症,2733002
延髓脓肿,延髓脓肿,延髓脓肿,428544003
肝内外胆管轻度扩张,胆管扩张,胆管扩张,123608004
鼻窦血管瘤,鼻窦血管瘤,鼻窦血管瘤,2675871010001100
急性阑尾炎,急性阑尾炎,急性阑尾炎,85189001
脾梗死,脾梗死,脾梗死,22996003
眼良性肿瘤,眼恶性肿瘤,眼良性肿瘤,363461003
膀胱过度活动症,膀胱过度活动症,膀胱过度活动症,786457000
肝转移？,肝脏病症,肝脏继发性恶性肿瘤,235856003
左侧慢性中耳炎,慢性中耳炎,慢性中耳炎,21186006
遗传性肾炎,遗传性肾炎,遗传性肾炎,399340005
不典型川崎病?,艾迪生病,急性发热性皮肤粘膜淋巴结综合征,363732003
胫动脉粥样硬化,胫动脉粥样硬化,胫动脉粥样硬化,2697051010001100
视网膜大动脉瘤,视网膜大动脉瘤,视网膜大动脉瘤,247124009
慢性胆囊炎伴结石,慢性胆囊炎伴结石,慢性胆囊炎伴结石,95559000
肾动脉血栓形成,肾动脉血栓形成,肾动脉血栓形成,95579008
川崎病(急性发热性粘膜皮肤淋巴结综合征),急性发热性皮肤粘膜淋巴结综合征,急性发热性皮肤粘膜淋巴结综合征,75053002
十二指肠降部溃疡,十二指肠溃疡,十二指肠溃疡,51868009
慢性白血病 (M/),慢性白血病，疾病,慢性白血病，疾病,92812005
弥散性血管内凝血,弥散性血管内凝血,弥散性血管内凝血,67406007
尾状核出血,尾状核出血,尾状核出血,451038000
角膜瘢痕,角膜瘢痕,角膜瘢痕,95726001
上颌骨良性肿瘤,上颌骨良性肿瘤,上颌骨良性肿瘤,92210009
胃憩室,胃憩室,胃憩室,75198005
度一型房室传导阻滞,一度房室传导阻滞,莫氏I型不完全性房室传导阻滞,270492004
轻型地中海贫血,轻型地中海贫血,轻型地中海贫血,2681741010001100
鼻咽恶性肿瘤史,鼻咽部恶性肿瘤病史,鼻咽部恶性肿瘤病史,73731000119102
冠状动脉硬化,冠状动脉硬化,冠状动脉硬化,53741008
颅内转移瘤,脑继发性恶性肿瘤,脑继发性恶性肿瘤,94225005
髂内静脉栓塞,髂内静脉栓塞,髂内静脉栓塞,2696911010001100
急性甲状腺炎,急性甲状腺炎,急性甲状腺炎,190293001
睡眠呼吸暂停,睡眠呼吸暂停,睡眠呼吸暂停,73430006
病态窦性综合征,Job综合征,病态窦房结综合征,50926003
高血压视网膜病变,高血压性视网膜病,高血压性视网膜病,6962006
高血压病III级 很高危组,高血压危象,高血压,706882009
气管支气管炎,气管支气管炎,气管支气管炎,13617004
小肠穿孔,小肠穿孔,小肠穿孔,235741002
跟腱损伤,跟腱损伤,跟腱损伤,735856007
T淋巴细胞和髓系混合表型急性白血病,T细胞和髓系的混合表型急性白血病,T细胞和髓系的混合表型急性白血病,1153379006
急性泪腺炎,急性泪腺炎,急性泪腺炎,2589008
急性粒单核细胞白血病M型,急性单核细胞白血病,急性粒单核细胞白血病，FAB M,277601005
十二指肠粘连,十二指肠粘连,十二指肠粘连,197192003
混合结缔组织病,结缔组织病症,混合性胶原血管病,105969002
帕金森氏病,帕金森病,帕金森病,49049000
非感染性腹泻,非感染性腹泻,非感染性腹泻,69980003
耳科检查,耳部检查,耳部检查,225670007
胸部挫伤,胸部挫伤,胸部挫伤,10050004
腕部正中神经损伤,腕部正中神经损伤,腕部正中神经损伤,724797008
并发性白内障,继发性白内障,白内障继发于眼部疾病,766834007
新生儿肝炎,新生儿肝炎,新生儿肝炎,69800000
冠状动脉血栓形成,冠状动脉血栓形成,冠状动脉血栓形成,398274000
室壁瘤,室壁瘤,室壁瘤,90539001
输卵管积水,输卵管积水,输卵管积水,21711003
上颌窦炎,上颌窦炎,上颌窦炎,88348008
口呼吸,口呼吸,口呼吸,77329001
皮肤溃疡,皮肤溃疡,皮肤溃疡,46742003
肝脏占位查因,肝脏肿块,肝脏肿块,300332007
左上肺结节影,肺结节,肺结节,786838002
耳后皮下良性肿瘤,耳后皮下良性肿瘤,耳后皮下良性肿瘤,2676581010001100
子宫体子宫内膜样腺癌,子宫体恶性肿瘤,子宫体内膜原发性子宫内膜样癌,371972005
腹部纤维瘤病,腹部纤维瘤病,腹部纤维瘤病,400153009
下肢动脉血栓形成,下肢动脉血栓形成,下肢动脉血栓形成,90958004
垂体前叶功能减退危象,垂体前叶功能减退危象,垂体前叶功能减退危象,2681971010001100
面部疼痛,面部疼痛,面部疼痛,95668009
骨转移瘤,骨继发性恶性肿瘤,骨继发性恶性肿瘤,94222008
营养性贫血,营养性贫血,营养性贫血,66612000
慢性低血压,慢性低血压,慢性低血压,77545000
右侧颈动脉斑块,颈内动脉斑块,颈动脉病症,2678951010001100
输尿管多发结石,输尿管结石,输尿管结石,31054009
双肺小叶中心型肺气肿,肺气肿,中心腺泡性肺气肿,87433001
神经损伤,神经损伤,神经损伤,57182000
高蛋白血症,高蛋白血症,高蛋白血症,37064009
霍乱,霍乱,霍乱,63650001
指神经损伤,指神经损伤,指神经损伤,4412009
急性化脓性腹膜炎,急性化脓性腹膜炎,急性化脓性腹膜炎,8733006
运动性失语,运动性失语,运动性失语,328681008
疱疹样皮炎,疱疹样皮炎,疱疹样皮炎,111196000
腹壁疝,腹腔疝,前腹壁疝,52515009
失眠,非器质性失眠,睡眠障碍,192454004
行为异常,行为异常,行为异常,25786006
颈//椎间盘突出,颈椎间盘突出,颈椎间盘突出,240215009
白血病史,白血病病史,白血病病史,161436008
口腔黏膜真菌感染,口腔粘膜真菌病,口腔粘膜真菌病,235068006
乳房后天性缺失,乳房后天性缺失,乳房后天性缺失,721551005
大脑恶性肿瘤,大脑恶性肿瘤,大脑恶性肿瘤,429033009
房间隔缺损继发孔型,原发孔型缺损,房间隔缺损,17718000
先天性静脉扩张,先天性静脉扩张,先天性静脉扩张,1519002
干眼,干眼病,干眼病,363677007
左冠脉钙化,冠状动脉钙化,冠状动脉钙化,445512009
膝关节滑膜良性肿瘤,膝关节滑膜良性肿瘤,膝关节滑膜良性肿瘤,2676591010001100
松果体囊肿,松果体囊肿,松果体囊肿,413099000
糖尿病性视网膜病变,糖尿病引起的视网膜病变,糖尿病引起的视网膜病变,4855003
甲状腺囊实性结节，TI-RADS 类,甲状腺囊肿,甲状腺结节,72325004
自身免疫性脑炎,自身免疫性脑炎,自身免疫性脑炎,95643007
劳淋病,淋病,淋病,15628003
肠系膜损伤,肠系膜损伤,肠系膜损伤,262882007
食管癌恶性肿瘤肿瘤,食管恶性肿瘤,食管恶性肿瘤,363402007
鼻中隔恶性肿瘤,鼻中隔恶性肿瘤,鼻中隔恶性肿瘤,363423001
右上肺肿块,肺部肿块,肺部肿块,309529002
淋巴管恶性肿瘤,淋巴管恶性肿瘤,淋巴管恶性肿瘤,2674861010001100
病毒性胃肠炎,病毒性胃肠炎,病毒性胃肠炎,111843007
乳癌,乳房恶性肿瘤,乳房恶性肿瘤,254837009
大疱性类天疱疮,大疱性类天疱疮,大疱性类天疱疮,77090002
脉络丛囊肿,脉络丛囊肿,脉络丛囊肿,230790004
黄斑变性性玻璃膜疣,玻璃膜疣期黄斑变性,玻璃膜疣期黄斑变性,264633009
先天性肾萎缩,先天性肾萎缩,先天性肾萎缩,204941003
肠痉挛,肠痉挛,肠痉挛,30993009
髋关节恶性肿瘤,髋关节恶性肿瘤,髋关节恶性肿瘤,2674761010001100
焦虑性神经症,焦虑性神经症,焦虑性神经症,207363009
恶性淋巴瘤个人史,恶性淋巴瘤病史,恶性淋巴瘤病史,429014004
髂总动脉闭塞,髂总动脉闭塞,髂总动脉闭塞,312825008
大腿开放性伤口,大腿开放性伤口,大腿开放性伤口,125659001
面部烧伤,面部烧伤,面部烧伤,262582004
右侧基底节区脑软化灶,脑软化,脑软化,58762006
新生儿败血症,新生儿败血症,新生儿败血症,206376005
阴茎头恶性肿瘤,阴茎头恶性肿瘤,阴茎头恶性肿瘤,363451005
尿道良性肿瘤,尿道恶性肿瘤,尿道良性肿瘤,363459007
白血病？,白血病病史,白血病，疾病,161436008
支气管钙化,支气管钙化,支气管钙化,79997005
反应性精神病,反应性精神病,反应性精神病,231437006
皮质醇结合球蛋白异常,皮质醇结合球蛋白异常,皮质醇结合球蛋白异常,38074009
乳房肿块,乳房肿块,乳房肿块,89164003
肺动脉血栓形成,肺动脉血栓形成,肺动脉血栓形成,57834008
EB病毒感染,EB病毒病,EB病毒病,240530001
激素性青光眼,青光眼,药物性青光眼,23986001
膀胱逼尿肌无力,膀胱病症,逼尿肌无收缩,42643001
肾上腺血肿,肾上腺血肿,肾上腺血肿,262832002
发育落后,发育延迟,发育延迟,248290002
肺部感染细菌+真菌,细菌性肺炎,肺感染性疾病,53084003
升主动脉扩张,升主动脉扩张,升主动脉扩张,253645007
型糖尿病性周围神经病,2型糖尿病引起的周围神经病变,型糖尿病引起的周围神经病变,1511000119107
背部脓肿,背部脓肿,背部脓肿,309083007
膀胱浸润性尿路上皮癌,膀胱肿瘤,膀胱移行细胞癌,126885006
原发性血栓形成倾向,原发性血栓形成倾向,原发性血栓形成倾向,2681841010001100
膀胱憩室,膀胱憩室,膀胱憩室,197866008
双肺上叶多发小肺大疱,肺大泡,肺大泡,278976004
面部异物,面部异物,面部异物,423428008
冠状动脉夹层,冠状动脉夹层,冠状动脉夹层,732230001
假性翼状胬肉,假性翼状胬肉,假性翼状胬肉,66139007
背部挫伤,背部挫伤,背部挫伤,11437003
病毒性心肌炎,病毒性心肌炎,病毒性心肌炎,89141000
鼻中隔粘连,鼻中隔粘连,鼻中隔粘连,313255002
选择性IgA缺乏症？,选择性免疫球蛋白A缺乏,选择性免疫球蛋白A缺乏,190979003
多虑平中毒,多虑平中毒,多虑平中毒,290830009
慢性乳腺炎,慢性乳腺炎,慢性乳腺炎,21648003
(左乳)乳腺非特殊类型浸润性癌II级pTNM IIA期 luminalA型,乳头状腺癌,浸润性乳腺癌,4797003
神经根痛,神经根痛,神经根痛,11679003
肝功能不全 中度,肝功能异常,肝衰竭,75183008
下斜肌亢进,下斜肌亢进,下斜肌亢进,400940005
小脑幕脑膜瘤,小脑幕脑膜瘤,小脑幕脑膜瘤,2676511010001100
轻度先兆子痫,轻度先兆子痫,轻度先兆子痫,41114007
创伤性脑损伤,创伤性脑损伤,创伤性脑损伤,127295002
先天性玻璃体混浊,先天性玻璃体混浊,先天性玻璃体混浊,204171005
鼻痈,鼻痈,鼻痈,11857005
椎管内囊肿,椎管内囊肿,椎管内囊肿,2697821010001100
儿童行为障碍,儿童行为和情绪障碍,儿童行为和情绪障碍,192099000
骨梅毒,骨梅毒,骨梅毒,50528008
肾移植失败,肾移植失败,肾移植失败,236583003
先天性支气管扩张,先天性支气管扩张,先天性支气管扩张,77593006
腕关节肿胀,腕关节肿胀,腕关节肿胀,298941006
小细胞型恶性肿瘤,小细胞型恶性肿瘤,小细胞型恶性肿瘤,82267002
脊髓神经根病,中枢神经系统疾病,神经根疾病,23853001
输尿管周围炎,输尿管周围炎,输尿管周围炎,197819009
慢性粒单核细胞白血病,慢性粒单核细胞白血病,慢性粒单核细胞白血病,127225006
睾丸萎缩,睾丸萎缩,睾丸萎缩,17585008
小脑前下动脉狭窄,小脑前下动脉狭窄,小脑前下动脉狭窄,2680221010001100
胸闷,胸闷,胸闷,23924001
颈/椎间盘突出,颈椎间盘突出,颈椎间盘突出,240215009
混合性结缔组织病(MCTD),结缔组织病症,混合性胶原血管病,105969002
软腭恶性肿瘤,软腭恶性肿瘤,软腭恶性肿瘤,363388009
右眼泪囊炎,泪囊炎,泪囊炎,85777005
颅内病灶,颅内结构肿块,脑病症,85974009
难治性心力衰竭,难治性心力衰竭,难治性心力衰竭,314206003
子宫颈良性肿瘤,子宫颈肿瘤,子宫颈良性肿瘤,123841004
甲状腺功能减低,甲状腺功能减退,甲状腺功能减退,40930008
膀胱憩室结石,膀胱憩室结石,膀胱憩室结石,18109005
慢性阻塞性支气管炎,慢性阻塞性支气管炎,慢性阻塞性支气管炎,185086009
四肢无力,肢体肌无力,肢体肌无力,713514005
宫颈鳞癌 IIB期,宫颈鳞状细胞癌,宫颈鳞状细胞癌,254886006
真菌性食管炎,真菌性食管炎,真菌性食管炎,235602008
颈部多处浅表损伤,颈部多处浅表损伤,颈部多处浅表损伤,212484003
脂肪萎缩性糖尿病,脂肪萎缩性糖尿病,脂肪萎缩性糖尿病,127012008
梅毒既往感染,梅毒,梅毒,76272004
新生儿吸入综合征,新生儿吸入综合征,新生儿吸入综合征,276533002
()甲状腺功能亢进症,甲状腺功能亢进,甲状腺功能亢进,34486009
创伤性胃破裂,创伤性胃破裂,创伤性胃破裂,285800001
阔韧带平滑肌瘤,原发性阔韧带平滑肌瘤,原发性阔韧带平滑肌瘤,237063001
放射性肠炎,放射性肠炎,放射性肠炎,73817000
非萎缩性胃窦胃炎,胃炎,浅表性胃炎,4556007
肠系膜良性肿瘤,肠系膜肿瘤,肠系膜良性肿瘤,126869001
内胚窦瘤,内胚窦瘤,内胚窦瘤,74409009
肛门括约肌失禁,肛门括约肌失禁,肛门括约肌失禁,271839005
盆腔包块性质待查,盆腔肿块,盆腔肿块,74285003
交界痣,交界痣,交界痣,30494009
糖原贮积病,糖原贮积病,糖原贮积病,29633007
中枢神经系统脱髓鞘病,中枢神经系统脱髓鞘疾病,中枢神经系统脱髓鞘疾病,6118003
下肢动脉硬化闭塞症,下肢动脉硬化闭塞症,下肢动脉硬化闭塞症,2681801010001100
纵隔气肿,纵隔气肿,纵隔气肿,16838000
疱疹性咽峡炎,疱疹性咽峡炎,疱疹性咽峡炎,186659004
孕周,孕23周,孕周,86883006
原发性双侧髋关节病,原发性双侧髋关节病,原发性双侧髋关节病,201839001
败血症,脓毒症,脓毒症,91302008
皮下出血,皮下血肿,皮下血肿,5309003
复杂性偏头痛,复杂性偏头痛,复杂性偏头痛,193039006
椎基底动脉迂曲,椎动脉损伤,基底动脉疾病,262717000
手术前恶性肿瘤化学治疗,术前化疗,术前化疗,394894008
右肺支气管扩张,支气管扩张,支气管扩张,12295008
恶性胸腔积液治疗后,恶性胸腔积液,恶性胸腔积液,860792009
创伤性休克,创伤性休克,创伤性休克,64169002
阴茎海绵体炎,阴茎海绵体炎,阴茎海绵体炎,54770009
精神发育迟滞,反应性精神病,智力残疾,231437006
贲门弛缓不能,贲门失弛缓症?,贲门失弛缓症?,48531003
神经梅毒,神经梅毒,神经梅毒,26039008
肋间神经损伤,肋间神经损伤,肋间神经损伤,212246006
心功能衰竭,心力衰竭,心力衰竭,84114007
下颌偏斜,下颌偏斜,下颌偏斜,235106005
新生儿吸入性肺炎,新生儿吸入性肺炎,新生儿吸入性肺炎,276695003
左手软组织感染,软组织感染,手部感染,95880003
眼睑血肿,眼睑血肿,眼睑血肿,726409002
后天性髋内翻,后天性髋内翻,后天性髋内翻,12067001
后天性膝内翻,后天性膝内翻,后天性膝内翻,64925008
输尿管口恶性肿瘤,输尿管口恶性肿瘤,输尿管口恶性肿瘤,188245008
巴氏腺脓肿,多发性脓肿,前庭大腺脓肿,427917002
雄激素低下,雄激素水平降低,雄激素水平降低,131075000
右侧胸腔积液,胸腔积液,胸腔积液,60046008
创伤性硬膜下出血,创伤性硬膜下出血,创伤性硬膜下出血,209987007
胆囊萎缩,胆囊萎缩,胆囊萎缩,64664008
"慢性肾脏病,期",慢性肾病5期,慢性肾病期,433146000
新生儿中毒性红斑,新生儿中毒性红斑,新生儿中毒性红斑,1162449005
多发腔隙性脑梗,腔隙性脑梗死,多发性腔隙性梗死,230698000
上肢活动障碍,上肢重复运动障碍,上肢重复运动障碍,788466008
多囊肾病,肾功能异常,先天性囊性肾病,39539005
一过性脑缺血,脑缺血,短暂性脑缺血发作,287731003
未分化肉瘤,未分化肉瘤,未分化肉瘤,128734000
尿频病,尿频,尿频,249291007
骶神经根囊肿,骶神经根囊肿,骶神经根囊肿,2697621010001100
颈部浅表损伤,颈部浅表损伤,颈部浅表损伤,274182009
肺肿瘤,肺肿瘤,肺肿瘤,126713003
局灶性大脑挫伤伴出血,局灶性大脑挫伤伴出血,局灶性大脑挫伤伴出血,722615007
宫颈囊肿,宫颈囊肿,宫颈囊肿,81956008
胃息肉,胃息肉,胃息肉,78809005
套细胞淋巴瘤 IIIa期 MIPI-C 分 低中危组,套细胞淋巴瘤,套细胞淋巴瘤,443487006
腓动脉损伤,腓动脉损伤,腓动脉损伤,210896009
滋养细胞恶性畸胎瘤,滋养细胞恶性畸胎瘤,滋养细胞恶性畸胎瘤,65646006
遗传代谢性疾病？,代谢性疾病,代谢性疾病,75934005
高低密度脂蛋白胆固醇血症,高低密度脂蛋白胆固醇血症,高低密度脂蛋白胆固醇血症,2682071010001100
枕叶肿瘤,枕叶肿瘤,枕叶肿瘤,126957005
胃结肠瘘,胃结肠瘘,胃结肠瘘,28756003
颞动脉炎,颞动脉炎,颞动脉炎,400130008
炎症后白斑症,炎症后白斑症,炎症后白斑症,277787003
副胎盘,副胎盘,副胎盘,82664003
肺Ca？,肺病症,肺恶性肿瘤,19829001
血脂异常,血脂异常,血脂异常,166818002
踝部擦伤,踝部擦伤,踝部擦伤,211334007
双肺背侧胸膜炎,胸膜炎,胸膜炎,196075003
结肠瘘,结肠瘘,结肠瘘,197250003
膀胱输尿管反流,膀胱输尿管反流,膀胱输尿管反流,197811007
急性额窦炎,急性额窦炎,急性额窦炎,91038008
空肠扭转,空肠扭转,空肠扭转,1148568006
甲状腺恶性肿瘤,甲状腺恶性肿瘤,甲状腺恶性肿瘤,363478007
髋关节假体松动,髋关节假体松动,髋关节假体松动,240267008
右肺下叶阻塞性肺不张,阻塞性肺不张,阻塞性肺不张,58525007
角膜云翳,角膜云翳,角膜云翳,72494008
双侧乳腺肿块,乳房肿块,乳房肿块,89164003
艾迪生病,艾迪生病,艾迪生病,363732003
慢性肾脏病期,慢性肾病,慢性肾病期,709044004
幽门螺旋杆菌感染,幽门螺杆菌感染,幽门螺杆菌感染,721730009
急性阑尾炎伴局限性腹膜炎,急性阑尾炎伴局限性腹膜炎,急性阑尾炎伴局限性腹膜炎,698294004
动脉破裂,动脉破裂,动脉破裂,46126003
腰疝,腰疝,腰疝,23344004
上臂正中神经损伤,上臂正中神经损伤,上臂正中神经损伤,721530007
焦虑抑郁状态,抑郁症,混合性焦虑和抑郁障碍,35489007
肛门息肉,肛门息肉,肛门息肉,88580009
升结肠肿瘤,降结肠肿瘤,升结肠肿瘤,126844001
右侧小腿肌间静脉血栓形成,下肢静脉肌间血栓形成,下肢静脉肌间血栓形成,2698051010001100
结节病,结节病,结节病,31541009
酸中毒,酸中毒,酸中毒,51387008
肠结核,肠结核,肠结核,60136008
孕周,孕23周,孕周,86883006
新生儿脓疱病,新生儿脓疱病,新生儿脓疱病,200706004
急性卵巢炎,急性卵巢炎,急性卵巢炎,16486000
中枢神经系统感染,中枢神经系统感染性疾病,中枢神经系统感染性疾病,128117002
纤维织炎,纤维织炎,纤维织炎,56557000
大腿挫伤,大腿挫伤,大腿挫伤,84416003
外阴息肉,外阴息肉,外阴息肉,57158005
皮脂腺瘤,皮脂瘤,皮脂瘤,403933005
继发性糖尿病性酮症酸中毒,继发性糖尿病性酮症酸中毒,继发性糖尿病性酮症酸中毒,2679511010001100
扁桃体柱良性肿瘤,扁桃体柱良性肿瘤,扁桃体柱良性肿瘤,92445003
肾实质性高血压,肾实质性高血压,肾实质性高血压,57684003
肾囊肿,肾囊肿,肾囊肿,722223000
早产儿视网膜病变,早产儿视网膜病变,早产儿视网膜病变,415297005
脉络膜出血,脉络膜出血,脉络膜出血,122003
IgA肾病，局灶和节段性肾小球损害,免疫球蛋白A肾病,免疫球蛋白A肾病,236407003
血管性痴呆,血管性痴呆,血管性痴呆,429998004
食管恶性肿瘤 NOS,食管恶性肿瘤,食管恶性肿瘤,363402007
双肺上叶继发型肺结核,肺结核,再感染肺结核,154283005
胃肿瘤,胃体肿瘤,胃肿瘤,126827000
睾丸疼痛,睾丸疼痛,睾丸疼痛,63901009
金黄色葡萄球菌败血症,金黄色葡萄球菌引起的败血症,金黄色葡萄球菌引起的败血症,448417001
营养性巨幼细胞性贫血,营养性巨幼细胞性贫血,营养性巨幼细胞性贫血,2681691010001100
后天性髋关节畸形,后天性髋关节畸形,后天性髋关节畸形,1156014009
萎缩性胃炎,萎缩性胃炎,萎缩性胃炎,84568007
慢性阻塞性肺疾患,慢性阻塞性肺疾病,慢性阻塞性肺疾病,13645005
肺实变,肺实变,肺实变,95436008
额叶脑膜瘤,额叶脑膜瘤,额叶脑膜瘤,2676461010001100
放射性咽炎,放射性咽炎,放射性咽炎,2679181010001100
良性颅内高压,良性颅内高压,良性颅内高压,68267002
后循环动脉瘤,后循环动脉瘤,后循环动脉瘤,2682301010001100
大隐静脉曲张,静脉曲张,大隐静脉分布的下肢静脉曲张,128060009
鼻部囊肿,鼻腔囊肿,鼻腔囊肿,232362005
腹膜炎,腹膜炎,腹膜炎,48661000
颅内静脉窦血栓形成,脑静脉窦血栓形成,脑静脉窦血栓形成,192759008
颅内静脉窦静脉炎,颅内静脉窦静脉炎,颅内静脉窦静脉炎,18058007
器质性情绪不稳定［衰弱］障碍,器质性情绪不稳定［衰弱］障碍,器质性情绪不稳定［衰弱］障碍,231446000
弥漫大B细胞淋巴瘤,B细胞淋巴瘤,弥漫性非霍奇金淋巴瘤，大细胞,109979007
IgA肾病?,免疫球蛋白A肾病,免疫球蛋白A肾病,236407003
慢性缩窄性心包炎,慢性缩窄性心包炎,慢性缩窄性心包炎,52535005
尺骨茎突骨折,尺骨茎突骨折,尺骨茎突骨折,281530009
化脓性关节炎,化脓性关节炎,化脓性关节炎,372939007
肝细胞癌手术,肝细胞癌,肝细胞癌,109841003
眼睑肉芽肿,眼睑肉芽肿,眼睑肉芽肿,429455007
股骨骨囊肿,股骨骨囊肿,股骨骨囊肿,767848001
右下肺炎性结节,肺结节,肺结节,786838002
猩红热,猩红热,猩红热,30242009
浮肿,水肿,以水肿为特征的疾病,267038008
胸主动脉损伤,胸主动脉损伤,胸主动脉损伤,59568004
皮肤移植状态,皮肤移植状态,皮肤移植状态,739027004
脾梗死？,脾梗死,脾梗死,22996003
宫颈低分化鳞癌 分期待定,宫颈鳞状细胞癌,宫颈鳞状细胞癌,254886006
窒息,窒息,窒息,271877004
压疮,痤疮,压力性损伤,11381005
溃疡,溃疡,溃疡,429040005
肝动脉瘤,肝动脉瘤,肝动脉瘤,25878000
颅内异物,颅内异物,颅内异物,262598006
肾出血,肾出血,肾出血,95571006
胸腹主动脉动脉瘤,胸腹主动脉瘤,胸腹主动脉瘤,233984007
继发性甲状旁腺功能亢进,继发性甲状旁腺功能亢进症,继发性甲状旁腺功能亢进症,91478007
型糖尿病性视网膜病变,糖尿病引起的视网膜病变,型糖尿病致视网膜病变,4855003
巴特综合征,Bartter综合,Bartter综合,707742001
阵发性房室性心动过速,阵发性房室性心动过速,阵发性房室性心动过速,195070000
急性肝损伤,急性肝衰竭,肝损伤,197270009
双侧颈部动脉斑块形成,颈内动脉斑块,颈动脉病症,2678951010001100
重度营养不良,营养不良,营养性消瘦,65404009
先天性主动脉瓣下狭窄,先天性主动脉瓣下狭窄,先天性主动脉瓣下狭窄,73660006
盲肠出血,盲肠出血,盲肠出血,711441008
低骨量,骨量减少,骨量减少,312894000
乙状结肠Ca,乙状结肠肿瘤,乙状结肠恶性肿瘤,126845000
双侧颈动脉硬化并多发斑块形成,颈动脉硬化,颈动脉硬化,431421000124103
额部皮肤良性肿瘤,额部皮肤良性肿瘤,额部皮肤良性肿瘤,2676651010001100
先天性肾盂积水,先天性肾盂积水,先天性肾盂积水,16297002
新生儿黄疸,新生儿黄疸,新生儿黄疸,387712008
过度换气综合征,换气过度,换气过度,68978004
鼻咽结核,鼻咽结核,鼻咽结核,56498009
脑干良性肿瘤,脑干恶性肿瘤,脑干良性肿瘤,363473003
急性盆腔炎,急性盆腔炎,急性盆腔炎,237037006
子宫体良性肿瘤,子宫体恶性肿瘤,子宫体良性肿瘤,371972005
血管淋巴管瘤,血管淋巴管瘤,血管淋巴管瘤,8241005
哮喘性支气管炎,喘息性支气管炎,喘息性支气管炎,405944004
主动脉硬化右肺中叶内段左肺上叶下舌段及双肺下叶,肺部病损,主动脉粥样硬化,301232003
骨髓瘤肾病,骨髓瘤肾病,骨髓瘤肾病,32278006
特发性巨结肠,特发性巨结肠,特发性巨结肠,197139005
过敏性皮炎,皮肤过敏性疾病,特应性皮炎,422290000
甲亢,甲状腺肿块,甲状腺功能亢进,237557003
恶性脑膜瘤,脑膜恶性肿瘤,恶性脑膜瘤,363497007
鼻旁窦良性肿瘤,鼻窦恶性肿瘤,副鼻窦良性肿瘤,363506007
日光性荨麻疹,日光性荨麻疹,日光性荨麻疹,10347006
念珠菌性外阴阴道炎,念珠菌性外阴阴道炎,念珠菌性外阴阴道炎,72605008
中耳曲霉菌病,中耳曲霉菌病,中耳曲霉菌病,2762911010001100
心脏破裂,心脏破裂,心脏破裂,29889000
淋巴管继发恶性肿瘤,淋巴管继发恶性肿瘤,淋巴管继发恶性肿瘤,2675511010001100
型糖尿病性急性肾功能衰竭,1型糖尿病性急性肾功能衰竭,型糖尿病性急性肾功能衰竭,2679461010001100
桡骨远端骨折(左),桡骨远端骨折,桡骨远端骨折,263199001
结节,结节病,结节病,31541009
型糖尿病肾病III期,1型糖尿病致慢性肾病1期,型糖尿病致慢性肾病期,90721000119101
急性睾丸炎,急性睾丸炎,急性睾丸炎,45082006
右中肺微小浸润性腺癌,原发性右肺中叶腺癌,原发性右肺中叶腺癌,1078951000119100
筛窦恶性肿瘤,筛窦恶性肿瘤,筛窦恶性肿瘤,363426009
局部脑损伤,局部脑损伤,局部脑损伤,210038008
锥体外系疾病,锥体外系疾病,锥体外系疾病,76349003
头皮撕脱,头皮撕脱,头皮撕脱,110071008
食管息肉,食管息肉,食管息肉,254573006
回肠造口状态,回肠造口状态,回肠造口状态,302111002
尿道梗阻,尿道梗阻,尿道梗阻,95588004
胸膜结核,胸膜结核,胸膜结核,186182003
间变性星形细胞瘤,间变性星形细胞瘤,间变性星形细胞瘤,55353007
肺错构瘤,肺错构瘤,肺错构瘤,254644003
乳头状腺癌,乳头状腺癌,乳头状腺癌,4797003
消化道恶性肿瘤,消化道恶性肿瘤,消化道恶性肿瘤,2674731010001100
慢性粒细胞白血病,慢性粒单核细胞白血病,慢性髓性白血病，疾病,127225006
幼儿腹泻,幼儿腹泻,幼儿腹泻,39963006
婴儿惊厥,新生儿惊厥,新生儿惊厥,87476004
急性支气管肺炎,急性支气管肺炎,急性支气管肺炎,123587001
II°骨髓抑制,骨髓抑制,骨髓抑制,370569000
全身性水肿,全身性水肿,全身性水肿,271808008
肩部损伤,肩部损伤,肩部损伤,125594001
卵巢破裂,卵巢破裂,卵巢破裂,88294009
右膝关节退变,膝关节病,右膝关节骨性关节炎,428724006
肝囊肿,肝囊肿,肝囊肿,85057007
Schwartz综合征,Frasier综合征,施瓦兹眼部综合征,445431000
感染性腹泻病,感染性腹泻病,感染性腹泻病,19213003
II膜性肾病,肾脏疾病,膜性肾小球肾炎,90708001
黑色素瘤 (M/),黑色素细胞瘤,黑色素细胞瘤,399956005
腓骨干骨折,腓骨干骨折,腓骨干骨折,67394003
老年性紫癜,老年性紫癜,老年性紫癜,53751009
慢性单纯性贫血,慢性单纯性贫血,慢性单纯性贫血,291262006
胆管扩张,胆管扩张,胆管扩张,123608004
孕周,孕23周,孕周,86883006
药物性胃炎,药物性胃炎,药物性胃炎,52305004
急性喉炎,急性喉炎,急性喉炎,6655004
真菌性肺炎,真菌性肺炎,真菌性肺炎,233613009
疥疮,痤疮,人疥螨变种引起的侵染,11381005
大脑肿瘤,大脑肿瘤,大脑肿瘤,126953009
双肾积水,肾积水,肾积水,43064006
左肾小结石,肾结石,肾结石,95570007
主动脉弓假性动脉瘤,主动脉弓假性动脉瘤,主动脉弓假性动脉瘤,2680841010001100
自发性张力性气胸,自发性张力性气胸,自发性张力性气胸,196102003
风湿性二尖瓣闭锁不全,三尖瓣关闭不全，非风湿性,风湿性二尖瓣反流,194990000
多发性脂囊瘤,多发性脂囊瘤,多发性脂囊瘤,109433009
男性乳腺发育,男性乳腺发育,男性乳腺发育,4754008
左肺炎性结节,肺结节,肺结节,786838002
瘢痕性睑外翻,瘢痕性睑外翻,瘢痕性睑外翻,28914006
上臂挫伤,上臂挫伤,上臂挫伤,85636003
胼胝,胼胝,胼胝,201040000
先天性甲状腺功能减退症,甲状腺功能减退,甲状腺功能减退,40930008
胃食管反流,胃食管反流病,胃食管反流病,235595009
腘动脉血栓形成,腘动脉血栓形成,腘动脉血栓形成,87239004
腰椎骨折,腰椎骨折,腰椎骨折,125608002
机械性溶血性贫血,机械性溶血性贫血,机械性溶血性贫血,191217008
型糖尿病性高渗性高血糖状态昏迷,低血糖性昏迷,型糖尿病引起的高渗性昏迷,267384006
肾上腺样瘤,肾上腺肿瘤,肾上腺良性肿瘤,127021009
心肌酶谱异常,心肌酶异常,心肌酶异常,166663004
急性再生障碍性贫血,急性再生障碍性贫血,急性再生障碍性贫血,2679361010001100
颈椎轻度退行性变,颈椎病症,颈椎病,128049000
前列腺增生症,前列腺增生,前列腺增生,433234005
盆腔少量积液,盆腔肿块,骨盆区关节积液,74285003
股骨头骨折,股骨头骨折,股骨头骨折,733276006
脊髓亚急性联合变性,脊髓亚急性联合变性,脊髓亚急性联合变性,60576007
童年瓦解性障碍,童年瓦解性障碍,童年瓦解性障碍,71961003
乙型肝炎肝硬化,乙型肝炎肝硬化,乙型肝炎肝硬化,103611000119102
高血压期,高血压,高血压,38341003
药物性鼻炎,药物性鼻炎,药物性鼻炎,95239003
玫瑰糠疹,玫瑰糠疹,玫瑰糠疹,77252004
海绵窦血栓性静脉炎,海绵窦血栓性静脉炎,海绵窦血栓性静脉炎,192770001
肝功能异常,肝功能异常,肝功能异常,75183008
做作性障碍,做作性障碍,做作性障碍,50705009
精神科疾病后持久性人格改变,精神科疾病后持久性人格改变,精神科疾病后持久性人格改变,192498004
胰腺恶性肿瘤 NOS,胰腺恶性肿瘤,胰腺恶性肿瘤,363418001
地高辛中毒,地高辛中毒,地高辛中毒,10385009
面部挫伤,面部挫伤,面部挫伤,125668004
病毒性肝炎慢性 乙型,慢性乙型病毒性肝炎,慢性乙型病毒性肝炎,61977001
宫颈发育不良,宫颈发育不良,宫颈发育不良,73391008
睾丸炎,睾丸炎,睾丸炎,274718005
鼻部良性肿瘤,鼻肿块,鼻良性肿瘤,441766009
胃窦高级别上皮内瘤变,胃间皮瘤,幽门窦肿瘤,2679161010001100
右肺上叶尖段多发肺大泡,肺大泡,肺大泡,278976004
肝肿瘤,肝脏肿瘤,肝脏肿瘤,126851005
就业前接受的检查,就业前接受的检查,就业前接受的检查,103737001
胰腺假性囊肿,胰腺假性囊肿,胰腺假性囊肿,111374002
臀部皮肤良性肿瘤,臀部皮肤良性肿瘤,臀部皮肤良性肿瘤,92350005
脑干梗死,脑干梗死,脑干梗死,95457000
肾动脉粥样硬化,肾动脉粥样硬化,肾动脉粥样硬化,45281005
盗汗,盗汗,盗汗,42984000
肾性骨病,先天性囊性肾病,肾性骨营养不良,82525005
出血性内痔,出血性内痔,出血性内痔,75884004
铜绿假单胞菌感染,铜绿假单胞菌引起的感染,铜绿假单胞菌引起的感染,11218009
溃疡性口炎,溃疡性口腔炎,溃疡性口腔炎,450005
胫动脉血栓形成,胫动脉血栓形成,胫动脉血栓形成,2697191010001100
髋部烧伤,髋部烧伤,髋部烧伤,284226006
双膝关节疼痛,膝关节疼痛,膝关节疼痛,1003721002
反复发热,发热,发热,386661006
左肺下叶微结节,肺结节,肺结节,786838002
安眠药物瘾,催眠药依赖,催眠药依赖,724656006
下背损伤,下背损伤,下背损伤,282766005
尺骨开放性骨折,尺骨开放性骨折,尺骨开放性骨折,37449000
腹膜后恶性肿瘤,恶性腹膜后肿瘤,恶性腹膜后肿瘤,363420003
门脉性肝硬化,门脉性肝硬化,门脉性肝硬化,419728003
尿血,血尿,血尿,34436003
颈椎骨折C,颈椎骨折C3,颈椎骨折C,721347007
尿道息肉,尿道息肉,尿道息肉,67853001
恶劣心境,恶劣心境,恶劣心境,78667006
炎性肠病,炎症性肠病,炎症性肠病,24526004
药物性血小板减少症,药物性血小板减少症,药物性血小板减少症,191322006
肾移植失败和排斥,肾移植失败和排斥,肾移植失败和排斥,213150003
链球菌性脑膜炎,链球菌性脑膜炎,链球菌性脑膜炎,4510004
腰/骶椎间盘轻度突出,腰椎间盘突出,腰椎间盘突出,202708005
三尖瓣返流,三尖瓣反流,三尖瓣反流,111287006
恶性黑色素瘤,恶性黑色素瘤,恶性黑色素瘤,372244006
弥散性小脑损伤,弥散性小脑损伤,弥散性小脑损伤,721331005
晶形粟粒疹,晶形粟粒疹,晶形粟粒疹,44279002
原发性甲状腺功能减退症,原发性甲状腺功能减退症,原发性甲状腺功能减退症,57185003
腘窝囊肿,神经周围囊肿,膝关节滑膜囊肿,81634008
神经皮肤综合征,神经皮肤综合征,神经皮肤综合征,78572006
会厌溃疡,会厌溃疡,会厌溃疡,2697331010001100
苯巴比妥中毒,苯巴比妥所致中毒,苯巴比妥所致中毒,64921004
皮肤紫癜,紫癜,紫癜,423902002
化疗后I°骨髓抑制,化疗后骨髓抑制,化疗后骨髓抑制,2681591010001100
胰腺脓肿,胰腺脓肿,胰腺脓肿,69643006
神经衰弱,神经衰弱,神经衰弱,191962000
动脉栓塞,动脉栓塞,动脉栓塞,54687002
化疗后III°骨髓抑制,化疗后骨髓抑制,化疗后骨髓抑制,2681591010001100
机械性肠梗阻,机械性肠梗阻,机械性肠梗阻,46420000
肱动脉闭塞,肱动脉闭塞,肱动脉闭塞,2680401010001100
边缘区B细胞淋巴瘤 III期 IPI评分分,B细胞淋巴瘤,边缘区淋巴瘤,109979007
双侧桥本氏甲状腺炎,桥本甲状腺炎,桥本甲状腺炎,21983002
胃底恶性肿瘤,胃底恶性肿瘤,胃底恶性肿瘤,187741001
重度蛋白质－热能营养不良,重度蛋白质-能量营养不良,大量营养素缺乏,2682031010001100
畸胎瘤,畸胎瘤,畸胎瘤,36591000119102
阴茎溃疡,阴茎溃疡,阴茎溃疡,76046001
高血压病级H型很高危组,高血压危象,高血压,706882009
牙周脓肿,牙周脓肿,牙周脓肿,83412009
输尿管癌,输尿管恶性肿瘤,输尿管恶性肿瘤,363458004
阴道裂伤,阴道裂伤,阴道裂伤,410062001
宫内节育器,宫内节育器状态,宫内节育器状态,243818000
鼻咽溃疡,鼻咽溃疡,鼻咽溃疡,2697311010001100
腓骨良性肿瘤,腓骨良性肿瘤,腓骨良性肿瘤,92106003
非创伤性肌腱断裂,非创伤性肌腱断裂,非创伤性肌腱断裂,268002004
非风湿性二尖瓣狭窄,非风湿性二尖瓣狭窄,非风湿性二尖瓣狭窄,194727002
卵巢炎,卵巢炎,卵巢炎,76047005
右侧乳腺非特殊类型浸润性癌,浸润性乳腺癌,浸润性乳腺癌,713609000
隐性眼球震颤,隐性眼球震颤,隐性眼球震颤,68610001
前列腺肥大,前列腺病症,良性前列腺增生,30281009
双肺多发结节：炎性？,肺多发结节,肺多发结节,445249002
外阴溃疡,外阴溃疡,外阴溃疡,68640004
食管腐蚀伤,食管腐蚀伤,食管腐蚀伤,23509002
肱骨干骨折,肱骨干骨折,肱骨干骨折,50890004
斜坡恶性肿瘤,斜坡恶性肿瘤,斜坡恶性肿瘤,2675161010001100
生殖细胞瘤,生殖细胞瘤,生殖细胞瘤,402878003
左肺上叶肺气肿,肺气肿,肺气肿,87433001
肾性高血压,肾性高血压,肾性高血压,28119000
马尾损伤,马尾损伤,马尾损伤,230614002
喉部烧伤,喉部烧伤,喉部烧伤,13085003
右侧侧脑室前角旁腔隙性梗塞,腔隙性脑梗死,腔隙性脑梗死,230698000
门脉高压性胃肠病,门脉高压性胃肠病,门脉高压性胃肠病,2679401010001100
十二指肠溃疡伴出血,十二指肠溃疡伴出血,十二指肠溃疡伴出血,27281001
面部囊肿,面部囊肿,面部囊肿,723094002
室性逸搏,室性逸搏,室性逸搏,75532003
重症肌无力(眼肌型),眼肌无力,眼肌无力,230684008
膝关节外伤,膝关节损伤,膝关节损伤,125601008
复发性虹膜睫状体炎,复发性虹膜睫状体炎,复发性虹膜睫状体炎,6869001
静止性震颤,静止性震颤,静止性震颤,56610005
不完全性单瘫,单瘫,单瘫,86022000
乳腺恶性肿瘤，内侧,乳腺恶性肿瘤，内侧,乳腺恶性肿瘤，内侧,2672301010001100
稳定性心绞痛,稳定型心绞痛,稳定型心绞痛,233819005
腓骨颈骨折,腓骨颈骨折,腓骨颈骨折,281534000
癫痫部分性发作,癫痫发作,单纯部分性癫痫发作伴有运动功能障碍,91175000
胸椎体内血管瘤,胸壁血管瘤,脊柱血管瘤,449258001
薄基底膜肾病,膜性肾小球肾炎,薄基底膜病,77182004
双侧乳腺结节,乳房肿块,乳房肿块,89164003
IgA缺乏,免疫球蛋白 A 缺乏症,免疫球蛋白 A 缺乏症,29260007
内脏反位,内脏反位,内脏反位,43876007
脑血管病后遗症,脑出血后遗症,脑血管疾病的晚期效应,195241001
神经性肌强直,神经性肌强直,神经性肌强直,305719002
肝左外叶囊肿,肝囊肿,肝囊肿,85057007
结核性输尿管狭窄,结核性输尿管狭窄,结核性输尿管狭窄,236602004
右肺小结节，Lung-RADS 类,肺结节,肺结节,786838002
肺部结节性质待查,肺结节,肺结节,786838002
子宫高中分化子宫内膜样腺癌,原发性子宫内膜混合性腺癌,子宫体内膜原发性子宫内膜样癌,722681008
遗传性共济失调,遗传性共济失调,遗传性共济失调,763597000
炎症后色素减退,炎症后色素沉着,炎症后白斑症,238699007
浆液性囊腺瘤,浆液性囊腺瘤,浆液性囊腺瘤,51608009
透析失衡综合征,透析失衡综合征,透析失衡综合征,87235005
右侧腹股沟疝,右腹股沟疝,右腹股沟疝,236021006
后天性足畸形,后天性足畸形,后天性足畸形,295051000119105
心脏肥大,心脏肥大,心脏肥大,8186001
肺恶性肿瘤史,肺恶性肿瘤,肺原发性恶性肿瘤个人史,363358000
头皮疖肿,头皮疖,头皮疖,19043005
外阴陈旧性裂伤,外阴陈旧性裂伤,外阴陈旧性裂伤,198386001
血管畸形,先天性血管畸形,先天性血管畸形,400159008
妊娠期子痫,妊娠期子痫,妊娠期子痫,198992004
血胸,血胸,血胸,31892009
阴囊溃疡,阴囊溃疡,阴囊溃疡,9750001
腰///椎间盘膨出腰/骶椎间盘突出,腰椎间盘突出,腰椎间盘突出,202708005
II型完全性右束支传导阻滞,完全性右束支传导阻滞,完全性右束支传导阻滞,251123001
右肺下叶后基底段实性结节,肺结节,肺结节,786838002
暴露性角膜结膜炎,暴露性角膜结膜炎,暴露性角膜结膜炎,14366000
良性阵发性位置性眩晕,良性阵发性位置性眩晕,良性阵发性位置性眩晕,111541001
基底动脉狭窄脑梗死,基底动脉狭窄脑梗死,基底动脉狭窄脑梗死,2680311010001100
胃中低分化腺癌,胃腺癌,胃腺癌,408647009
外阴阴道假丝酵母菌病,外阴阴道炎,念珠菌性外阴阴道炎,53277000
大脑后动脉闭塞和狭窄,大脑后动脉闭塞和狭窄,大脑后动脉闭塞和狭窄,195234007
非毒性单结节性甲状腺肿,非毒性单结节性甲状腺肿,非毒性单结节性甲状腺肿,190237002
肺转移癌,肺继发性恶性肿瘤,肺继发性恶性肿瘤,94391008
神经源性膀胱,神经源性膀胱,神经源性膀胱,398064005
面部结缔组织恶性肿瘤,面部恶性肿瘤,面部软组织恶性肿瘤,363501002
鼻咽囊肿,鼻咽囊肿,鼻咽囊肿,71418005
脑淋巴瘤,脑淋巴瘤,脑淋巴瘤,2676211010001100
咯血,咯血,咯血,66857006
细菌性食物中毒,细菌性食物中毒,细菌性食物中毒,66107000
大脑胶质瘤病？,脑恶性胶质瘤,脑恶性胶质瘤,276826005
髂内动脉狭窄,髂内动脉狭窄,髂内动脉狭窄,2680171010001100
双肺散在多发小结节灶性质待定,肺多发结节,肺多发结节,445249002
肺损伤,肺损伤,肺损伤,316358009
下肢周围神经肿瘤,下肢周围神经肿瘤,下肢周围神经肿瘤,126989001
系统性血管炎,系统性血管炎,系统性血管炎,46956008
结肠破裂,结肠破裂,结肠破裂,235800002
脾囊肿,脾脏囊肿,脾脏囊肿,79040006
先天性输尿管狭窄,先天性输尿管狭窄,先天性输尿管狭窄,74919005
纵隔纤维化,纵隔纤维化,纵隔纤维化,21247003
精索静脉曲张,精索静脉曲张,精索静脉曲张,51070004
高免疫球蛋白E[lgE]综合征,低丙球蛋白血症,Job综合征,119250001
结膜脓肿,结膜脓肿,结膜脓肿,95746006
心脏撕裂伤,心脏撕裂伤,心脏撕裂伤,262782002
下肢软组织恶性肿瘤,上肢软组织恶性肿瘤,下肢恶性肿瘤,372011009
新生儿感染,新生儿感染性疾病,新生儿感染性疾病,128271002
上肢假性动脉瘤破裂,上肢假性动脉瘤破裂,上肢假性动脉瘤破裂,2682331010001100
脑梗塞后遗症期,脑梗死后遗症,脑梗死后遗症,195243003
月经过多,月经过多,月经过多,386692008
颈部恶性肿瘤,颈部恶性肿瘤,颈部恶性肿瘤,363489000
下肢静脉狭窄,下肢静脉狭窄,下肢静脉狭窄,2680301010001100
黑变病,黑变病,黑变病,414662006
黑毛舌,黑毛舌,黑毛舌,81934005
继发性肺结核 双上肺尖 活动期可能,肺结核瘤,再感染肺结核,2674321010001100
先天性肺动脉瓣上狭窄,先天性肺动脉瓣上狭窄,先天性肺动脉瓣上狭窄,52757001
畸形骨盆,畸形骨盆,畸形骨盆,135838004
肝Ca,肝脏肿块,肝脏恶性肿瘤,300332007
腺癌,直肠腺癌,恶性腺瘤性肿瘤,10061010001108
安装心脏起搏器,原位心脏起搏器,心脏起搏器植入术,441509002
皮肤淀粉样变性,皮肤淀粉样变性,皮肤淀粉样变性,201337008
伤寒带菌者,伤寒带菌者,伤寒带菌者,170484009
妊娠滋养细胞肿瘤,妊娠滋养细胞肿瘤,妊娠滋养细胞肿瘤,609519004
从树上跌落,从树上跌落,从树上跌落,82947003
关节积血,关节积血,关节积血,81808003
继发性多发性关节病,继发性多发性关节病,继发性多发性关节病,201825001
人工耳蜗植入,人工耳蜗植入,人工耳蜗植入,359612003
胫骨远端骨折,胫骨远端骨折,胫骨远端骨折,278537006
枕骨大孔区脑膜瘤,枕骨大孔区脑膜瘤,枕骨大孔区脑膜瘤,2676501010001100
磨牙症,磨牙症,磨牙症,191983006
视网膜脱离,视网膜脱离,视网膜脱离,42059000
真菌性泌尿道感染,真菌性泌尿道感染,真菌性泌尿道感染,2762991010001100
子宫韧带恶性肿瘤,子宫韧带恶性肿瘤,子宫韧带恶性肿瘤,2763201010001100
丘脑综合征,丘脑综合征,丘脑综合征,88269008
空肠损伤,空肠损伤,空肠损伤,282050000
黄疸查因,黄疸,黄疸,18165001
鼻腔肿瘤,鼻肿块,鼻腔肿瘤,441766009
冠心病待排,可疑冠心病观察,冠状动脉硬化,171405001
肩关节创伤性关节病,肩关节创伤性关节病,肩关节创伤性关节病,201932009
皮样囊肿,皮样囊肿,皮样囊肿,419952004
孤立性肺结节,孤立性肺结节,孤立性肺结节,427359005
桡骨头半脱位,桡骨头半脱位,桡骨头半脱位,417109008
输卵管扭转,输卵管扭转,输卵管扭转,46946009
低分化腺癌,胃腺癌,恶性腺瘤性肿瘤,408647009
声嘶,声音嘶哑,声音嘶哑,50219008
腘窝恶性肿瘤,腘窝恶性肿瘤,腘窝恶性肿瘤,2675151010001100
慢性骨髓炎,慢性骨髓炎,慢性骨髓炎,40970001
龟头瘙痒,阴茎瘙痒,阴茎瘙痒,69069001
双眼下睑倒睫,双眼倒睫,倒睫,15732281000119100
右旋心,右旋心,右旋心,123660008
鼻涕带血,鼻出血,鼻血性分泌物,249366005
先天性脑积水,先天性脑积水,先天性脑积水,47032000
BLAU综合征,布劳综合征,布劳综合征,818950005
耳后皮肤良性肿瘤,耳后皮肤良性肿瘤,耳后皮肤良性肿瘤,2676631010001100
宫颈鳞状细胞癌IB期,宫颈鳞状细胞癌,宫颈鳞状细胞癌,254886006
急性淋巴管炎,急性淋巴管炎,急性淋巴管炎,8838005
双肺结节 性质待查,肺结节,肺结节,786838002
双肺多发结节LU-RADS 类,肺多发结节,肺多发结节,445249002
昏睡,昏睡,昏睡,271782001
食管下段鳞状细胞癌,原发性食管下三分之一鳞状细胞癌,原发性食管下三分之一鳞状细胞癌,721620009
乙状结肠恶性肿瘤,乙状结肠恶性肿瘤,乙状结肠恶性肿瘤,363410008
不动杆菌感染,不动杆菌感染,不动杆菌感染,840588006
肺动脉瓣赘生物,肺动脉瓣赘生物,肺动脉瓣赘生物,301106001
外阴恶性肿瘤,外阴恶性肿瘤,外阴恶性肿瘤,363367000
下咽恶性肿瘤,下咽恶性肿瘤,下咽恶性肿瘤,363399006
腰椎滑脱,腰椎滑脱,腰椎滑脱,321171000119102
顽固性呃逆,过度嗳气,打嗝,162077000
颈内动脉粥样硬化,颈内动脉粥样硬化,颈内动脉粥样硬化,2697041010001100
进行性肌萎缩,进行性肌萎缩,进行性肌萎缩,88923002
先天性冠状动脉肺动脉瘘,先天性冠状动脉肺动脉瘘,先天性冠状动脉肺动脉瘘,129582000
布氏菌病脊柱炎,布鲁氏菌脊椎炎,布鲁氏菌脊椎炎,202698007
肩关节盂唇损伤,肩关节盂唇损伤,肩关节盂唇损伤,263122000
妊娠期急性脂肪肝,妊娠期急性脂肪肝,妊娠期急性脂肪肝,716379000
异位肾上腺,异位肾上腺,异位肾上腺,49494003
支气管炎恢复期,支气管炎,支气管炎,32398004
室性期前收缩,室间隔异常,室性早搏复合波,253549006
膝关节骨性关节炎 右,右膝关节骨性关节炎,右膝关节骨性关节炎,323321000119100
乙型肝炎,乙型病毒性肝炎,乙型病毒性肝炎,66071002
产前出血,产前出血,产前出血,34842007
急性阑尾炎伴腹腔脓肿,急性阑尾炎伴腹腔脓肿,急性阑尾炎伴腹腔脓肿,51036000
双侧卵巢恶性肿瘤,卵巢恶性肿瘤,卵巢恶性肿瘤,363443007
无力,肢体肌无力,乏力,713514005
过敏性鼻炎(变应性鼻炎),过敏性鼻炎,过敏性鼻炎,61582004
型糖尿病性高渗性昏迷,1型糖尿病引起的高渗性昏迷,型糖尿病引起的高渗性昏迷,190330002
视网膜变性,视网膜变性,视网膜变性,95695004
自发性瘀斑,自发性瘀斑,自发性瘀斑,302228007
睑皮炎,眼睑皮炎,眼睑皮炎,93423006
甲状腺癌,甲状腺肿,甲状腺恶性肿瘤,3716002
颊部肿物,颊部皮肤鳞状细胞癌,面部肿块,285309005
阴茎萎缩,阴茎萎缩,阴茎萎缩,198037006
周围神经肿瘤,周围神经肿瘤,周围神经肿瘤,126980002
胃低分化腺癌pTNM IV期,胃腺癌,胃腺癌,408647009
重度营养不良伴消瘦,营养性消瘦,营养性消瘦,29740003
左肾周感染,肾炎综合征,腹膜后感染,7724006
胃体弥漫大B细胞淋巴瘤,胃弥漫性大B细胞淋巴瘤,胃弥漫性大B细胞淋巴瘤,840424008
肝管结石,肝管结石,肝管结石,59049008
腹主动脉继发恶性肿瘤,腹主动脉继发恶性肿瘤,腹主动脉继发恶性肿瘤,2675451010001100
脑桥中央髓鞘溶解症,脑桥中央髓鞘溶解症,脑桥中央髓鞘溶解症,6807001
狼疮性肠系膜血管炎,肠系膜损伤,狼疮血管炎,262882007
输卵管良性肿瘤,输卵管恶性肿瘤,输卵管良性肿瘤,363444001
妇科癌病,子宫体内膜原发性子宫内膜样癌,女性生殖器官恶性肿瘤,762458004
肝右叶囊肿,肝囊肿,肝囊肿,85057007
乳腺恶性肿瘤，上部,乳腺恶性肿瘤，上部,乳腺恶性肿瘤，上部,2672281010001100
肺鳞癌,肺鳞状细胞癌,肺鳞状细胞癌,254634000
前庭大腺疾病,前庭大腺疾病,前庭大腺疾病,299692008
脑白质高信号 Fazekas I级,脑白质病,脑白质病,22811006
股骨颈头下骨折,股骨颈头下骨折,股骨颈头下骨折,263226008
轻度营养不良,营养不良,营养不良,65404009
脓肿性穿掘性头部毛囊周围炎,脓肿性穿掘性头部毛囊周围炎,脓肿性穿掘性头部毛囊周围炎,77333008
复发性阿弗他溃疡,复发性阿弗他溃疡,复发性阿弗他溃疡,398870000
阴道癌,阴道恶性肿瘤,阴道恶性肿瘤,363445000
腹泻查因,腹泻疾病,腹泻,128333008
脾占位性病变,脾脏肿块,脾脏肿块,50081000119107
流行性腮腺炎性睾丸炎,流行性腮腺炎性睾丸炎,流行性腮腺炎性睾丸炎,78580004
肿物,肌肉骨骼结构肿块,身体结构肿块,300861003
乳腺癌术,乳头状腺癌,乳房恶性肿瘤,4797003
良性胸腺瘤,恶性胸腺瘤,良性胸腺瘤,444596001
下肢脂肪瘤,下肢脂肪瘤,下肢脂肪瘤,301873005
脐肉芽肿,脐肉芽肿,脐肉芽肿,200724002
鼻前庭疖,鼻腔疖,鼻腔疖,414304001
膝关节内侧副韧带损伤,膝关节内侧副韧带损伤,膝关节内侧副韧带损伤,444448004
脑脊液漏,脑脊液漏,脑脊液漏,230744007
额叶良性肿瘤,额叶肿瘤,额叶良性肿瘤,126954003
高血压病 级 很高位组,高血压,高血压,38341003
酒精性肝硬化,酒精性肝硬化,酒精性肝硬化,420054005
前庭大腺炎,前庭大腺炎,前庭大腺炎,6815003
偏瘫,偏瘫,偏瘫,50582007
颈椎棘突骨折,颈椎棘突骨折,颈椎棘突骨折,281918005
左侧附睾炎,附睾炎,附睾炎,31070006
吸吮拇指,吮吸手指,吮吸手指,55644006
巨舌,巨舌,巨舌,19263008
手部一度烧伤,手部一度烧伤,手部一度烧伤,14664006
左侧腋窝淋巴结增大,腋窝淋巴结病,腋窝淋巴结病,127189005
双侧胸腔积液,双侧胸腔积液,双侧胸腔积液,425802001
月经不调,月经失调,月经失调,386804004
型糖尿病,糖尿病,型糖尿病,73211009
慢性EB病毒感染,慢性EB病毒感染综合征,慢性EB病毒感染综合征,773738009
膀胱肿物,膀胱肿块,膀胱肿块,428090004
先天性十二指肠狭窄,先天性十二指肠狭窄,先天性十二指肠狭窄,16376000
右肺中叶慢性炎症,右中区肺炎,右中区肺炎,301003007
眼睑肿物,眼睑肿块,眼睑肿块,248514008
镜像右位心,右位心,镜像心脏,27637000
病毒性肝炎 乙型 慢性HBV-DNA 阴性,慢性乙型病毒性肝炎,慢性乙型病毒性肝炎,61977001
梨状肌综合征,梨状肌综合征,梨状肌综合征,129179000
孕周,孕23周,孕周,86883006
中性粒细胞减少症,中性粒细胞减少症,中性粒细胞减少症,165517008
食管静脉曲张,食管静脉曲张,食管静脉曲张,28670008
下腔静脉旁稍大淋巴结，转移？性质待定,下腔静脉综合征,腹腔内淋巴结继发性恶性肿瘤,79671001
蛋白尿,蛋白尿,蛋白尿,29738008
左耳中耳炎,中耳炎,中耳炎,65363002
眼球运动障碍,眼球运动障碍,眼球运动障碍,45030009
子宫颈鳞状上皮不典型增生,宫颈增生,宫颈增生,297207007
胃体息肉,胃息肉,胃息肉,78809005
血行播散型肺结核？,肺结核,粟粒性肺结核,154283005
胸主动脉动脉瘤,胸主动脉瘤,胸主动脉瘤,433068007
频发多源性室性早搏,房性早搏复合波,室性早搏,287057009
鞍结节脑膜瘤,鞍结节脑膜瘤,鞍结节脑膜瘤,2676451010001100
型糖尿病足,1型糖尿病足,型糖尿病足,2679481010001100
股深动脉闭塞,股深动脉闭塞,股深动脉闭塞,2680421010001100
化学治疗,化学疗法,化学疗法,367336001
白斑病,白斑,白斑,274134003
肝动脉假性动脉瘤,肝动脉假性动脉瘤,肝动脉假性动脉瘤,315033000
小B细胞淋巴瘤版Lugano分期：IV期A组，IPI评分：分中低危组，BCL-融合基因+,B细胞淋巴瘤,小淋巴细胞性淋巴瘤,109979007
十二指肠狭窄,十二指肠狭窄,十二指肠狭窄,33812003
药物和药剂引起的全身性皮疹,药物和药剂引起的全身性皮疹,药物和药剂引起的全身性皮疹,200892002
左下肺结节性质待查,肺结节,肺部肿块,786838002
肛门损伤,肛门损伤,肛门损伤,276464002
贲门淋巴结继发恶性肿瘤,淋巴管继发恶性肿瘤,胃淋巴结继发恶性肿瘤,2675511010001100
心脏左前分支传导阻滞,心脏 X 综合征,左前分支传导阻滞,233845001
双侧筛窦炎症,筛窦炎,筛窦炎,18643000
神经肌病,神经肌病,神经肌病,255522009
扩张性心肌病[充血性心肌病],充血性心肌病,充血性心肌病,399020009
新生儿肠梗阻,新生儿肠梗阻,新生儿肠梗阻,733145007
梗阻性肾病,梗阻性肾病,梗阻性肾病,86249007
盲袢综合征,盲袢综合征,盲袢综合征,77225009
成人隐匿性自身免疫性糖尿病,成人隐匿性自身免疫性糖尿病,成人隐匿性自身免疫性糖尿病,426875007
凝血酶原缺乏症,凝血酶缺乏症,凝血酶缺乏症,124496006
肺ca待排,肺部肿块,肺恶性肿瘤,309529002
口底间隙感染,口腔感染,口腔感染,275393007
药物性甲状腺机能亢进症,药物性甲状腺功能亢进症,药物性甲状腺功能亢进症,2679421010001100
左乳ca,乳房肿块,乳房恶性肿瘤,89164003
结肠高-中分化腺癌,乙状结肠腺癌,原发性结肠腺癌,10071010001100
静脉曲张破裂,静脉曲张破裂,静脉曲张破裂,266330004
脑钙化,脑钙化,脑钙化,17944005
创伤后双侧膝关节病,创伤后双侧膝关节病,创伤后双侧膝关节病,201858005
脂肪坏死,脂肪坏死,脂肪坏死,238888007
α-还原酶缺陷症,免疫球蛋白 A 缺乏症,-氧代-α-类固醇δ-脱氢酶缺乏症,29260007
枕叶脑膜瘤,枕叶脑膜瘤,枕叶脑膜瘤,2676391010001100
血管纤维瘤,血管纤维瘤,血管纤维瘤,302857002
眼球震颤,眼球震颤,眼球震颤,563001
鼻窦息肉,鼻窦息肉,鼻窦息肉,32307003
臀先露,臀先露,臀先露,6096002
自身免疫性甲状腺炎,自身免疫性甲状腺炎,自身免疫性甲状腺炎,66944004
子宫内膜不典型增生,非典型性子宫内膜增生,非典型性子宫内膜增生,277158007
月经稀少,月经稀发,月经稀发,52073004
组织细胞瘤,组织细胞瘤,组织细胞瘤,302843004
弥漫性血管内凝血,弥散性血管内凝血,弥散性血管内凝血,67406007
牙松动,牙震荡,牙齿半脱位,109746003
沸水烫伤,多处二度烫伤,热液体引起的灼伤,13212004
双侧颈动脉硬化并左侧斑块形成,颈动脉硬化,颈动脉硬化,431421000124103
急性心肌心包炎,急性心肌心包炎,急性心肌心包炎,11176009
上肢开放性伤口后遗症,上肢开放性伤口后遗症,上肢开放性伤口后遗症,210957002
急性心肌梗死后心脏破裂,急性心肌梗死后心脏破裂,急性心肌梗死后心脏破裂,233847009
肝左叶血管瘤,肝血管瘤,肝血管瘤,93469006
胸骨骨折,胸骨骨折,胸骨骨折,78516000
多发腔隙性脑梗死可能,腔隙性脑梗死,多发性腔隙性梗死,230698000
左侧急性中耳炎,急性中耳炎,急性中耳炎,3110003
酒渣鼻,酒渣鼻,酒渣鼻,398909004
乙状结肠息肉,乙状结肠息肉,乙状结肠息肉,428472008
眼前房出血,前房出血,前房出血,75229002
川崎病(粘膜皮肤淋巴结综合征),急性发热性皮肤粘膜淋巴结综合征,急性发热性皮肤粘膜淋巴结综合征,75053002
胰腺复发性恶性肿瘤,胰腺继发性恶性肿瘤,胰腺恶性肿瘤,94459006
先天性短食管,先天性短食管,先天性短食管,721155007
阴道痉挛,阴道痉挛,阴道痉挛,79012001
小肠肿瘤,小肠肿瘤,小肠肿瘤,126832004
肾萎缩(终末期),肾萎缩,肾萎缩,197659005
急性粒细胞性白血病[AML] (M/) 按法美英(FAB)分类:Ｍ,急性粒单核细胞白血病，FAB M4,急性髓性白血病，疾病,110005000
直肠肿物,直肠肿块,直肠肿块,248523006
急性胃肠炎,急性肠胃炎,急性肠胃炎,69776003
右肺上叶及左肺良性结节可能，拟LU-RADS 类,肺结节,肺结节,786838002
先天性淋巴管畸形,先天性淋巴管畸形,先天性淋巴管畸形,400016000
颌下腺结核,颌下腺结核,颌下腺结核,2674611010001100
间质性肺炎,间质性肺炎,间质性肺炎,64667001
麦粒肿os,麦粒肿,麦粒肿,397513003
心房纤颤,心房颤动,心房颤动,49436004
骶骶管囊肿可能,骶神经根囊肿,神经周围囊肿,2697621010001100
放射性肺纤维化,放射性肺纤维化,放射性肺纤维化,71193007
腓骨开放性骨折,腓骨开放性骨折,腓骨开放性骨折,447017008
AGC原因待查,检查,腺细胞异型性,32750006
肾性尿崩症,肾源性尿崩症,肾源性尿崩症,111395007
甲舌囊肿,甲状舌管囊肿,甲状舌管囊肿,39462005
尿布疹,尿布疹,尿布疹,91487003
室上性心动过速,室上性心动过速,室上性心动过速,6456007
皮炎,特应性皮炎,炎症性皮肤病,24079001
尿道恶性肿瘤,尿道恶性肿瘤,尿道恶性肿瘤,363459007
动眼神经良性肿瘤,动眼神经良性肿瘤,动眼神经良性肿瘤,92255002
孕周,孕23周,孕周,86883006
左侧胸腔微量积液,胸腔积液,胸腔积液,60046008
药物性高血压,药物引起的高血压,药物引起的高血压,194791005
粟粒性肺结核,粟粒性肺结核,粟粒性肺结核,2674371010001100
高血压病 级 很高危,高血压危象,高血压,706882009
肾上腺损伤,肾上腺损伤,肾上腺损伤,262831009
心内膜心肌纤维化,心内膜心肌纤维化,心内膜心肌纤维化,398716006
咯血查因,咯血,咯血,66857006
老年性痴呆,老年性痴呆,老年性痴呆,15662003
氟骨症,氟骨症,氟骨症,240168009
宫腔镜检查,宫腔镜检查,宫腔镜检查,233545006
颈动脉体瘤,颈动脉体瘤,颈动脉体瘤,30699005
选择性缄默症,选择性缄默症,选择性缄默症,71959007
喉脓肿,喉脓肿,喉脓肿,33924006
背部痈,背部痈,背部痈,200586004
痉挛性截瘫,痉挛性截瘫,痉挛性截瘫,192967009
胃窦息肉,胃息肉病,胃息肉,87252009
腕关节三角纤维软骨损伤,腕关节三角纤维软骨损伤,腕关节三角纤维软骨损伤,281524009
髂外静脉栓塞,髂内静脉栓塞,髂外静脉栓塞,2696911010001100
型糖尿病性多发性单神经病,糖尿病性多发性单神经病,糖尿病性多发性单神经病,35777006
胆囊脓肿,胆囊脓肿,胆囊脓肿,32038009
骨髓抑制I度,骨髓抑制,骨髓抑制,370569000
尿潴留,尿潴留,尿潴留,267064002
右正中神经腕部卡压电生理改变 右CTS可考虑,视神经良性肿瘤,腕管综合征,92257005
宫颈妊娠,宫颈妊娠,宫颈妊娠,79290002
胫骨上端开放性骨折,胫骨上端开放性骨折,胫骨上端开放性骨折,111645003
肝S血管瘤可能性大,肝血管瘤,肝血管瘤,93469006
ANCA相关性血管炎,系统性血管炎,抗中性粒细胞胞浆抗体阳性血管炎,46956008
子宫平滑肌瘤,平滑肌瘤,子宫肌瘤,146801000119103
褥疮,痤疮,压力性损伤,11381005
膝滑膜炎,膝关节滑膜炎,膝关节滑膜炎,239817004
孕周,孕23周,孕周,86883006
开放性尺骨下端骨折,开放性尺骨下端骨折,开放性尺骨下端骨折,649002
新生儿哭闹,新生儿哭闹,新生儿哭闹,95629002
孕周,孕23周,孕周,86883006
桡骨远端骨折(右),桡骨远端骨折,桡骨远端骨折,263199001
颅骨骨髓炎,颅骨骨髓炎,颅骨骨髓炎,95423008
肝原位癌,肝原位癌,肝原位癌,92644006
永存原发性玻璃体增生症,永存原发性玻璃体增生症,永存原发性玻璃体增生症,314270008
异位妊娠,异位妊娠,异位妊娠,34801009
高磷血症,高磷血症,高磷血症,20165001
高丙种球蛋白血症,高丙种球蛋白血症,高丙种球蛋白血症,127388009
胃窦中分化腺癌,原发性胃幽门窦腺癌,原发性胃幽门窦腺癌,721632008
急性心肌炎,急性心肌炎,急性心肌炎,46701001
血管炎性肾小球肾炎,肾小球肾炎,血管炎并发或导致的肾小球肾炎,36171008
眼睑接触性皮炎,眼睑接触性皮炎,眼睑接触性皮炎,68670009
肾脓肿,肾脓肿,肾脓肿,3321001
基底节出血,基底节出血,基底节出血,195165005
慢性肾功能不全,慢性肾功能不全,慢性肾功能不全,723190009
慢性粒细胞性白血病,慢性粒单核细胞白血病,慢性髓性白血病，疾病,127225006
胎粪性肠梗阻,胎粪性肠梗阻,胎粪性肠梗阻,206523001
舌囊肿,舌囊肿,舌囊肿,253754004
男性乳房发育,男性乳腺发育,男性乳腺发育,4754008
慢性盆腔炎,慢性盆腔炎,慢性盆腔炎,237044002
先天性肝纤维化,先天性肝纤维化,先天性肝纤维化,79607001
升主动脉增宽,升主动脉扩张,升主动脉扩张,253645007
胎盘早剥,胎盘早剥,胎盘早剥,415105001
双侧颈动脉内-中膜增厚并多发斑块形成,颈内动脉斑块,颈动脉病症,2678951010001100
左侧面神经麻痹,面神经麻痹,面神经麻痹,280816001
迁延性支气管肺炎,支气管肺炎,支气管肺炎,396285007
感染性贫血,恶性贫血,感染引起的贫血,84027009
右肾积液,肾积水,肾积水,43064006
胰腺囊肿可能,胰腺囊肿,胰腺囊肿,31258000
网膜恶性肿瘤,网膜恶性肿瘤,网膜恶性肿瘤,363421004
喉恶性肿瘤,喉恶性肿瘤,喉恶性肿瘤,363429002
主动脉管壁钙化,主动脉瓣钙化,主动脉弓钙化,250978003
度晒斑\[晒伤\],Ⅱ度晒斑,度晒斑,200834004
脱髓鞘病,脊髓脱髓鞘,中枢神经系统脱髓鞘疾病,308634000
骨膜炎,骨膜炎,骨膜炎,41910004
窦性停搏,窦性停搏,窦性停搏,5609005
咳嗽病,咳嗽,咳嗽,49727002
环状胰腺,环状胰腺,环状胰腺,40315008
回肠良性肿瘤,回肠恶性肿瘤,回肠良性肿瘤,363405009
病毒性肝炎 乙肝 慢性,慢性乙型病毒性肝炎,慢性乙型病毒性肝炎,61977001
舌扁平苔藓,舌扁平苔藓,舌扁平苔藓,238665009
进食障碍,进食障碍,进食障碍,72366004
掌骨良性肿瘤,掌骨良性肿瘤,掌骨良性肿瘤,188952003
后纵隔恶性肿瘤,后纵隔恶性肿瘤,后纵隔恶性肿瘤,448670003
腹型肥胖,腹部肿胀,男性型肥胖,60728008
T细胞淋巴瘤 (IV期 IPI 分 高中危),B细胞淋巴瘤,T细胞淋巴瘤,109979007
尺神经麻痹,尺神经麻痹,尺神经麻痹,367399005
外阴肿物,外阴肿块,外阴肿块,289477004
β型地中海贫血,β地中海贫血,β地中海贫血,65959000
亚硝酸盐中毒,亚硝酸盐中毒,亚硝酸盐中毒,85209005
喘息性支气管肺炎,喘息性支气管炎,喘息性支气管炎,405944004
职业性暴露于危险因素,职业性暴露于危险因素,职业性暴露于危险因素,16090731000119100
脑动脉狭窄,脑动脉狭窄,脑动脉狭窄,838275008
脑内出血后遗症,脑出血后遗症,脑出血后遗症,195241001
SLE,Frasier综合征,系统性红斑狼疮,445431000
苯胺中毒,苯中毒,苯胺引起的中毒,442764005
痴呆状态,痴呆,痴呆,52448006
肝门部胆管肉瘤样癌,肝内胆管癌,胆道恶性肿瘤,109842005
处女膜闭锁,处女膜闭锁,处女膜闭锁,95601000
脑水肿,脑水肿,脑水肿,2032001
左肺下叶微小结节,肺结节,肺结节,786838002
肠绞窄,肠绞窄,肠绞窄,49286008
欧氏丝虫病,欧氏丝虫病,欧氏丝虫病,30865009
混合性焦虑和抑郁障碍,混合性焦虑和抑郁障碍,混合性焦虑和抑郁障碍,231504006
视网膜撕裂,视网膜撕裂,视网膜撕裂,95690009
肺部占位查因,肺部肿块,肺部肿块,309529002
雷诺现象,雷诺现象,雷诺现象,266261006
腺肌瘤,腺肌瘤,腺肌瘤,40293003
慢性阻塞性肺疾病 急性加重期,慢性阻塞性肺疾病,慢性阻塞性气道疾病急性加重,13645005
慢性迁延性病毒性肝炎,慢性迁延性病毒性肝炎,慢性迁延性病毒性肝炎,60037002
系统性红斑狼疮,系统性红斑狼疮,系统性红斑狼疮,55464009
眼术后,术后状态,术后状态,19585003
双肾动脉狭窄,双侧肾动脉狭窄,双侧肾动脉狭窄,425414000
急性前列腺炎,急性前列腺炎,急性前列腺炎,79411002
脑炎后遗症,脑膜炎后遗症,脑膜炎后遗症,404188001
轻链沉积病,轻链沉积病,轻链沉积病,373604002
下牙龈恶性肿瘤,下牙龈恶性肿瘤,下牙龈恶性肿瘤,363384006
右侧额颞顶部硬膜下血肿,硬膜下颅内血肿,硬膜下颅内血肿,95453001
紫癜性肾炎II级,肾炎,由过敏性紫癜引起的肾小球肾炎,52845002
"白喉,其他的",皮肤白喉,白喉棒状杆菌引起的白喉,18901009
外阴畸形,外阴异物,先天性外阴异常,28020009
副癌综合征,肿瘤性疾病,副肿瘤综合征,55342001
急性毛细支气管炎,急性细支气管炎,急性细支气管炎,5505005
瘢痕,瘢痕,瘢痕,275322007
松果体肿瘤,松果体肿瘤,松果体肿瘤,127026004
血管内皮瘤,血管内皮瘤,血管内皮瘤,403980002
双眼黄斑水肿,双眼视网膜黄斑水肿,双眼视网膜黄斑水肿,15639231000119100
结核性心包炎,心包结核,心包结核,67256000
不完全性肠梗阻,肠梗阻,部分性肠梗阻,81060008
慢性阻塞性肺疾病急性加重期,慢性阻塞性肺疾病,慢性阻塞性气道疾病急性加重,13645005
膝关节恶性肿瘤,膝关节恶性肿瘤,膝关节恶性肿瘤,2674751010001100
曲霉病,曲霉病,曲霉病,65553006
全眼球炎,全眼球炎,全眼球炎,33382000
功能性腹痛综合征,功能性腹痛综合征,功能性腹痛综合征,449890002
左甲状腺结节,甲状腺结节,甲状腺结节,237495005
急性化脓性胆囊炎,急性化脓性胆囊炎,急性化脓性胆囊炎,89628003
肾衰竭,肾衰竭综合征,肾衰竭综合征,42399005
左侧肱动脉狭窄,肱动脉狭窄,肱动脉狭窄,2680061010001100
前臂神经损伤,前臂神经损伤,前臂神经损伤,721531006
胎死宫内,胎死宫内,胎死宫内,445548006
高血压 III级 很高危组,高血压危象,高血压,706882009
顶骨骨折,顶骨骨折,顶骨骨折,83385002
大肠和小肠克罗恩病,小肠和大肠克罗恩氏病,小肠和大肠克罗恩氏病,71833008
腰椎间盘突出伴神经根病,腰椎间盘突出伴神经根病,腰椎间盘突出伴神经根病,202735001
沙门菌感染,沙门菌感染,沙门菌感染,302231008
肩关节脱位右,肩关节脱位,肩关节脱位,417076003
早期胃癌,早期胃癌,早期胃癌,276809004
血管狭窄,血管病症,血管病症,27550009
头皮外伤,头皮挫伤,头部损伤,22562004
疱疹,单纯疱疹,疱疹病毒感染,88594005
发热待查,发热,发热,386661006
门脉高压症,高血压急症,门静脉高压症,132721000119104
急性鼻炎,急性鼻窦炎,普通感冒,15805002
鼻咽恶性肿瘤,鼻咽部恶性肿瘤,鼻咽部恶性肿瘤,187692001
听神经炎,听神经炎,听神经炎,21860004
右侧乳腺浸润性癌,浸润性乳腺癌,浸润性乳腺癌,713609000
双侧甲状腺乳头状癌,甲状腺乳头状癌,甲状腺乳头状癌,255029007
室性心律失常,室性心律失常,室性心律失常,44103008
胎儿染色体异常,胎儿染色体异常,胎儿染色体异常,267253006
再生障碍性贫血？,再生障碍性贫血,再生障碍性贫血,306058006
女性盆腔脓肿,女性盆腔脓肿,女性盆腔脓肿,43522000
右眼新生血管性青光眼,新生血管性青光眼,新生血管性青光眼,232086000
排尿里急后重,排尿里急后重,排尿里急后重,784285002
孕周,孕23周,孕周,86883006
腹股沟淋巴结结核,腹股沟淋巴结结核,腹股沟淋巴结结核,2675041010001100
不典型川崎,Graves病,急性发热性皮肤粘膜淋巴结综合征,353295004
肺出血,肺出血,肺出血,78144005
反应性穿通性胶原病,反应性穿通性胶原病,反应性穿通性胶原病,64036004
轻度蛋白质-能量营养不良,轻度蛋白质-能量营养不良,轻度蛋白质-能量营养不良,2682041010001100
腹腔淋巴管瘤,腹腔淋巴管瘤,腹腔淋巴管瘤,2763641010001100
感音神经性聋,感音神经性聋,感音神经性聋,60700002
惊恐发作,惊恐发作,惊恐发作,225624000
纵隔囊肿,纵隔囊肿,纵隔囊肿,431264008
胰瘘,胰瘘,胰瘘,25803005
真性红细胞增多症,真性红细胞增多症,真性红细胞增多症,109992005
喉淀粉样变性,喉淀粉样变性,喉淀粉样变性,232459006
嗜酸细胞增多症,嗜酸性粒细胞增多综合征,嗜酸性粒细胞计数升高,393573009
膈肌囊肿,膈肌囊肿,膈肌囊肿,35893006
周围神经性炎,周围神经炎,周围神经炎,128192007
急性粒细胞性白血病(M/) 按(FAB)分类:Ｍ,急性粒单核细胞白血病，FAB M4,急性髓性白血病，疾病,110005000
鼻窦肿物?,鼻窦肿块,鼻窦肿块,93751000119100
中度蛋白质－热能营养不良,重度蛋白质-能量营养不良,大量营养素缺乏,2682031010001100
早产婴儿,早产婴儿,早产婴儿,771299009
孟氏骨折,孟氏骨折,孟氏骨折,123973009
脑白质病FazekasII级,脑白质病,脑白质病,22811006
分离性障碍,分离性障碍,分离性障碍,44376007
外生骨疣,外生骨疣,外生骨疣,416189003
单侧上肢多发性开放性骨折,上肢伴下肢多发性骨折,上肢开放性骨折,4478002
功能性高胰岛素血症,功能性高胰岛素血症,功能性高胰岛素血症,12002009
上肢骨肿瘤,上肢骨肿瘤,上肢骨肿瘤,126565003
冠状动脉起源异常,冠状动脉起源异常,冠状动脉起源异常,75398000
肝硬化失代偿期,失代偿性肝硬化,失代偿性肝硬化,716203000
梅毒性脑炎,梅毒性脑炎,梅毒性脑炎,26135000
肝功能异常原因,肝功能异常,肝功能异常,75183008
变形菌感染,变形杆菌感染,变形杆菌感染,186437007
肝脏小囊肿,肝囊肿,肝囊肿,85057007
凝血功能异常,凝血障碍,凝血障碍,64779008
安装义眼,植入人工眼,植入人工眼,265271003
毛发红糠疹,毛发红糠疹,毛发红糠疹,3755001
手术后食管瘘,手术后食管瘘,手术后食管瘘,2697861010001100
黄疸性肝炎,自身免疫性肝炎,肝脏炎症性疾病,408335007
半身水肿,全身性水肿,局限性水肿,271808008
自身免疫性肝炎,自身免疫性肝炎,自身免疫性肝炎,408335007
小儿腹泻,幼儿腹泻,幼儿腹泻,39963006
粘液脓性慢性支气管炎,粘液脓性慢性支气管炎,粘液脓性慢性支气管炎,74417001
手掌二度烧伤,手掌二度烧伤,手掌二度烧伤,31577002
右胫骨软骨瘤,胫骨骨软骨瘤,胫骨骨软骨瘤,385431002
深覆合,深覆合,深覆合,60476005
骨盆骨髓炎,骨盆骨髓炎,骨盆骨髓炎,8872002
肝转移瘤可能,肝脏肿瘤,肝脏继发性恶性肿瘤,126851005
产伤致新生儿脑损害,产伤导致脑损伤,产伤导致脑损伤,240312009
低色素性贫血,正细胞低色素性贫血,正细胞低色素性贫血,44452003
结膜水肿,结膜水肿,结膜水肿,84178004
膀胱颈恶性肿瘤,膀胱颈恶性肿瘤,膀胱颈恶性肿瘤,188244007
垂体瘤,垂体腺瘤,脑下垂体肿瘤,254956000
左肺微结节,肺结节,肺结节,786838002
急性鼻咽炎,鼻咽炎,鼻咽炎,51476001
手关节扭伤,手关节扭伤,手关节扭伤,87778004
卵巢癌,卵巢原位癌,卵巢恶性肿瘤,92669006
后天性皮肤角化病,后天性皮肤角化病,后天性皮肤角化病,400166009
持续性发热,持续性发热,持续性发热,271751000
先天性鼻中隔偏曲,先天性鼻中隔偏曲,先天性鼻中隔偏曲,62667002
高血脂症,高脂血症,高脂血症,55822004
神经血管性头痛,血管性头痛,血管性头痛,128187005
代谢性骨病,代谢性骨病,代谢性骨病,50279003
多发性骨髓瘤骨病,多发性骨髓瘤,多发性骨髓瘤,109989006
面部血管瘤,面部血管瘤,面部血管瘤,448610006
肾结核,肾结核,肾结核,44323002
胃多发小息肉,胃息肉,胃息肉病,78809005
咽鼓管开放症,咽鼓管开放症,咽鼓管开放症,30280005
肾功能不全 失代偿期,肾功能不全,肾功能不全,723188008
中毒性休克综合征,中毒性休克综合征,中毒性休克综合征,18504008
应激反应,应激与调整反应,应激与调整反应,271952001
外周动脉粥样硬化,外周动脉粥样硬化,外周动脉粥样硬化,2697081010001100
原发性高血压,原发性高血压,原发性高血压,59621000
腹腔淋巴结肿大,腹内淋巴结病症,腹内淋巴结病症,128235003
阴道出血,阴道出血,阴道出血,289530006
慢性阻塞性肺疾病I级,慢性阻塞性肺疾病,慢性阻塞性肺疾病,13645005
慢性心衰急性加重,急性心力衰竭,慢性心力衰竭,56675007
B族维生素缺乏病，其他特指的,维生素A缺乏,维生素B缺乏,72000004
肘关节骨折,肘关节骨折,肘关节骨折,309464009
糖代谢异常,糖尿病引起的代谢状态异常,葡萄糖调节异常,237620003
鼻中隔弯曲,鼻中隔偏曲,鼻中隔偏曲,126660000
肩难产引起的梗阻性分娩,肩难产引起的梗阻性分娩,肩难产引起的梗阻性分娩,735492001
结膜淋巴管扩张,结膜淋巴管扩张,结膜淋巴管扩张,231871007
甲状腺乳头状微小癌,甲状腺乳头状癌,甲状腺乳头状癌,255029007
亚急性骨髓炎,亚急性骨髓炎,亚急性骨髓炎,67322009
中枢神经系统并发症,中枢神经系统并发症,中枢神经系统并发症,87536007
先心病,先天性心脏病,先天性心脏病,13213009
急性化脓性喉炎,急性化脓性喉炎,急性化脓性喉炎,195686006
主动脉夹层动脉瘤破裂,主动脉夹层动脉瘤破裂,主动脉夹层动脉瘤破裂,2680911010001100
慢性泪小管炎,慢性泪小管炎,慢性泪小管炎,26479009
支气管内异物,支气管内异物,支气管内异物,282461001
胃印戒细胞癌,胃恶性肿瘤,胃恶性肿瘤,363349007
锁骨下动脉损伤,锁骨下动脉损伤,锁骨下动脉损伤,23637001
颊黏膜恶性肿瘤,颊粘膜恶性肿瘤,颊粘膜恶性肿瘤,363386008
角膜葡萄膜炎,葡萄膜炎,葡萄膜炎,128473001
细支气管扩张,细支气管扩张,细支气管扩张,29424000
喉坏死,喉坏死,喉坏死,13087006
病毒型肝炎 慢性 乙型,慢性乙型病毒性肝炎,慢性乙型病毒性肝炎,61977001
周围神经炎？,周围神经炎,周围神经炎,128192007
回肠造口维护,回肠造口状态,回肠造口管理和护理,302111002
寻常型银屑病,寻常型银屑病,寻常型银屑病,200975007
拉克氏囊肿,拉特克囊肿,拉特克囊肿,52859009
咬合创伤,咬合创伤,咬合创伤,109647001
小样儿,小样儿,小样儿,199612005
局灶性节段性增殖性肾小球肾炎,肾小球肾炎,增生性肾小球肾炎,36171008
臀部三度烧伤,臀部三度烧伤,臀部三度烧伤,211791004
稳定型心绞痛,稳定型心绞痛,稳定型心绞痛,233819005
肺占位,肺部肿块,肺部肿块,309529002
耳部单纯疱疹HSV-型,耳部单纯疱疹HSV-Ⅱ型,耳部单纯疱疹HSV-型,2762871010001100
病毒血症,病毒血症,病毒血症,2528003
孕周,孕23周,孕周,86883006
肝多发囊肿,肝囊肿,肝囊肿,85057007
卵巢损伤,卵巢损伤,卵巢损伤,125639000
双肺结节性质待定,肺结节,肺结节,786838002
吸入性肺炎,吸入性肺炎,吸入性肺炎,422588002
锁骨下静脉损伤,锁骨下静脉损伤,锁骨下静脉损伤,85719003
腕关节扭伤,腕部扭伤,腕部扭伤,70704007
更年期综合征,更年期综合征,更年期综合征,123756000
乙型肝炎病毒携带者的急性δ因子(重复)感染,乙型肝炎病毒携带者的急性δ因子(重复)感染,乙型肝炎病毒携带者的急性δ因子(重复)感染,2681581010001100
孕周,孕23周,孕周,86883006
肝S血管瘤,肝血管瘤,肝血管瘤,93469006
脊柱肿瘤,脊柱血管瘤,脊柱肿瘤,448232005
左侧肾上腺肿瘤,肾上腺肿块,肾上腺肿瘤,237783006
营养不良中度,营养不良,营养不良,65404009
失语,失语,失语,87486003
肝左叶小囊肿,肝囊肿,肝囊肿,85057007
急性会厌炎,急性会厌炎,急性会厌炎,29608009
黄体破裂,黄体囊肿破裂,黄体囊肿破裂,87597001
吞咽梗阻,吞咽困难,吞咽困难,40739000
儿童皮肌炎,儿童型皮肌炎,儿童型皮肌炎,1212005
非器质性睡眠障碍,非器质性睡眠障碍,非器质性睡眠障碍,270487001
乳房脂肪瘤,乳房脂肪瘤,乳房脂肪瘤,276891009
不典型川崎病,艾迪生病,急性发热性皮肤粘膜淋巴结综合征,363732003
慢性鼻窦炎,慢性鼻窦炎,慢性鼻窦炎,40055000
升主动脉狭窄,升主动脉狭窄,升主动脉狭窄,2680191010001100
高血压 级 很高危组,高血压危象,高血压,706882009
囊性淋巴管瘤,囊性淋巴管瘤,囊性淋巴管瘤,40225001
难免流产,难免流产,难免流产,59363009
上肢软组织恶性肿瘤,上肢软组织恶性肿瘤,上肢软组织恶性肿瘤,372011009
非器质性遗尿症,非器质性遗尿症,非器质性遗尿症,42112009
唇脓肿,唇脓肿,唇脓肿,82770004
三叉神经良性肿瘤,三叉神经良性肿瘤,三叉神经良性肿瘤,92451008
左肾多发囊肿,肾囊肿,多发性肾囊肿,722223000
多囊脾,多囊脾,多囊脾,234504005
外耳道耵聍,外耳道异物,耳道耵聍过多,32874004
变异型心绞痛,变异型心绞痛,变异型心绞痛,87343002
气管恶性肿瘤,气管恶性肿瘤,气管恶性肿瘤,363432004
白细胞减少,白细胞减少症,白细胞减少症,84828003
龟头肿大,龟头炎,龟头炎,44882003
肾小球轻微病变,肾小球轻微病变,肾小球轻微病变,44785005
节肢动物咬伤,节肢动物咬伤,节肢动物咬伤,409985002
胆囊肿瘤,胆囊肿瘤,胆囊肿瘤,126854002
闭塞性细支气管炎,闭塞性细支气管炎,闭塞性细支气管炎,40100001
嗜铬细胞瘤,嗜铬细胞瘤,嗜铬细胞瘤,302835009
腰双侧椎弓根崩裂,腰椎病,腰椎滑脱,239880009
肝多发钙化灶,肝衰竭,肝脏影像学检查异常,59927004
出血性青光眼,新生血管性青光眼,青光眼伴眼内出血,232086000
情景性晕厥,情景性晕厥,情景性晕厥,234167006
药物性股骨坏死,药物性股骨坏死,药物性股骨坏死,298541000119108
营养不良,营养不良,营养不良,65404009
胃脘痛,胃痛,腹痛,271681002
面部黑素细胞痣,面部黑素细胞痣,面部黑素细胞痣,109269004
甲状腺眼病,甲状腺眼病,甲状腺眼病,276177000
肘部血管瘤,肘部血管瘤,肘部血管瘤,2676051010001100
牙龈化脓性肉芽肿,牙龈化脓性肉芽肿,牙龈化脓性肉芽肿,235002009
髂动脉闭塞性粥样硬化,髂动脉闭塞性粥样硬化,髂动脉闭塞性粥样硬化,2680361010001100
软组织挫伤,软组织损伤,软组织损伤,282026002
B淋巴细胞和髓系混合表型急性白血病伴缓解,髓系和B淋巴细胞混合表型急性白血病,髓系和B淋巴细胞混合表型急性白血病,1153381008
创伤性失明,创伤性失明,创伤性失明,23653003
牙内吸收,牙内吸收,牙内吸收,52994003
基底动脉栓塞,基底动脉栓塞,基底动脉栓塞,111296006
套细胞淋巴瘤 IIIA期,套细胞淋巴瘤,套细胞淋巴瘤,443487006
脾大,脾大,脾大,16294009
反流性胃炎,反流性胃炎,反流性胃炎,57433008
先天性心脏肥大,先天性心脏肥大,先天性心脏肥大,48121000
十二指肠异物,十二指肠异物,十二指肠异物,211634000
椎管内脂肪瘤,椎管内脂肪瘤,椎管内脂肪瘤,2675721010001100
IV度骨髓抑制,骨髓抑制,骨髓抑制,370569000
前臂皮肤恶性肿瘤,前臂皮肤恶性肿瘤,前臂皮肤恶性肿瘤,188122007
手术后胃瘘,手术后胃瘘,手术后胃瘘,2697831010001100
手部痈,手部痈,手部痈,65844007
眼睑出血,眼睑出血,眼睑出血,63720000
声带出血,声带出血,声带出血,784410003
急性室壁心肌梗死,急性侧壁心肌梗死,急性心肌梗死,58612006
新生儿佝偻病,新生儿佝偻病,新生儿佝偻病,276702002
脾淋巴管瘤,脾淋巴管瘤,脾淋巴管瘤,2763601010001100
急性支气管肺炎重症,急性支气管肺炎,急性支气管肺炎,123587001
肌肉萎缩,肌肉萎缩,肌肉萎缩,88092000
躯干皮肤肿瘤,躯干皮肤肿瘤,躯干皮肤肿瘤,126505001
左下肢外伤,下肢损伤,左下肢病症,127279002
补体成分缺乏,补体成分缺乏,补体成分缺乏,363009005
